framework_id,name,also_known_as,jurisdiction,region,category,type,issuing_body,official_url,source_note,who_must_comply,scope_summary,key_obligations_summary,mandatory_vs_voluntary,certification_or_audit_required,typical_evidence_artifacts,renewal_or_reassessment_cadence,penalties_summary,overlaps_with,subordinate_controls_notes,last_verified_date,research_source_urls
soc2,SOC 2,SOC 2 Type I; SOC 2 Type II; Trust Services Criteria; TSC,United States,US,security,attestation,AICPA,https://www.aicpa-cima.com/topic/audit-assurance/audit-and-assurance-greater-than-soc-2,AICPA SOC 2 examination under the Trust Services Criteria; Type I and Type II are report variants of one program,B2B SaaS and technology service providers holding or processing customer data on behalf of business customers.,"Covers the service organization's system boundary and the Trust Services Criteria selected (security is required; availability, processing integrity, confidentiality and privacy are optional).","Management defines the system, asserts control design and operation, and engages a licensed CPA firm to examine controls against the AICPA Trust Services Criteria. Type 1 reports on design at a point in time; Type 2 reports on operating effectiveness over a period, commonly 3 to 12 months. The output is an attestation report rather than a pass/fail certificate.",voluntary,yes,policies|risk assessment|system description|control matrix|access reviews|change tickets|vendor reviews|penetration test|SOC 2 report,annual,"No statutory penalty; a qualified opinion, lapsed report or exceptions can breach customer contracts and stall or lose deals.",iso27001|hitrust-csf|csa-star|nist-csf|cis-controls,"Trust Services Criteria organized around control environment, communication, risk assessment, monitoring and control activities (COSO-aligned) plus logical access, operations, change management and risk mitigation criteria.",2026-08-20,https://www.aicpa-cima.com/resources/landing/system-and-organization-controls-soc-suite-of-services|https://www.aicpa-cima.com/resources/download/2017-trust-services-criteria-with-revised-points-of-focus-2022
soc1,SOC 1,SSAE 18 SOC 1; ICFR report,United States,US,financial,attestation,AICPA,https://www.aicpa-cima.com/topic/audit-assurance/audit-and-assurance-greater-than-soc-1,AICPA attestation on controls relevant to user entities' internal control over financial reporting,"Service providers whose systems affect customers' financial reporting, such as payroll, payments and billing platforms.",Covers controls relevant to user entities' internal control over financial reporting (ICFR) for the described service.,Management describes the system and control objectives relevant to financial reporting and a CPA firm examines them under SSAE 18 (AT-C 320). Reports are issued as Type 1 (design) or Type 2 (design and operating effectiveness). User auditors rely on the report during their customers' financial audits.,voluntary,yes,system description|control objectives matrix|reconciliations|access reviews|change tickets|SOC 1 report,annual,No statutory penalty; a missing or qualified report can force customers' auditors to expand testing and can breach service contracts.,sox|soc2,"Control objectives are defined by the service organization around transaction processing, completeness, accuracy and IT general controls.",2026-08-20,https://www.aicpa-cima.com/resources/landing/system-and-organization-controls-soc-suite-of-services
soc3,SOC 3,SOC 3 General Use Report; Trust Services Report for General Use,United States,US,security,attestation,AICPA,https://www.aicpa-cima.com/resources/landing/system-and-organization-controls-soc-suite-of-services,Public-facing general-use summary report derived from a SOC 2 examination,Organizations that already hold a SOC 2 and want a public-facing trust summary.,"Same scope as the underlying SOC 2 examination, presented as a general-use summary report.","A SOC 3 report is a general-use version of a SOC 2 Type 2 engagement without the detailed test procedures and results. It can be published or posted publicly, unlike restricted-use SOC 2 reports. It does not replace a SOC 2 report in security reviews.",voluntary,yes,SOC 3 report|SOC 2 Type 2 report|system description,annual,No statutory penalty; limited assurance value if buyers require the full SOC 2 report.,soc2,Derived from the same Trust Services Criteria as the underlying SOC 2 engagement.,2026-08-20,https://www.aicpa-cima.com/resources/landing/system-and-organization-controls-soc-suite-of-services
iso27001,ISO/IEC 27001,ISO 27001; ISMS standard,Global,Global,security,certification,ISO/IEC,https://www.iso.org/standard/27001,Certifiable information security management system standard; current edition ISO/IEC 27001:2022,"Companies selling internationally or into ISO-preferring industries and geographies, and any organization wanting a certifiable security management system.","Applies to the information security management system (ISMS) scope the organization defines, including people, processes and technology inside that boundary.","Requires a documented ISMS with leadership commitment, risk assessment and treatment, a Statement of Applicability covering Annex A controls, internal audit and management review. Certification is issued by an accredited certification body after Stage 1 and Stage 2 audits. Surveillance audits occur annually with full recertification every three years.",voluntary,yes,ISMS scope statement|risk assessment|risk treatment plan|Statement of Applicability|policies|internal audit reports|management review minutes|certificate,every 3 years with annual surveillance audits,No statutory penalty; suspension or loss of the certificate can disqualify suppliers in RFPs and supplier portals.,soc2|iso27002|iso27701|nist-csf|cis-controls|csa-star,"Clauses 4 to 10 define the management system; Annex A of the 2022 revision contains 93 controls in four themes (organizational, people, physical, technological).",2026-08-20,https://www.iso.org/isoiec-27001-information-security.html|https://www.iso.org/standard/27001
iso27002,ISO/IEC 27002,ISO 27002; information security controls,Global,Global,security,standard,ISO/IEC,https://www.iso.org/standard/75652.html,Guidance control set supporting ISO/IEC 27001 Annex A,"Organizations implementing or auditing information security controls, typically alongside an ISO 27001 ISMS.",Guidance standard covering the information security controls referenced by ISO/IEC 27001 Annex A.,Provides implementation guidance and purpose statements for each control rather than certifiable management-system requirements. Organizations are not certified against ISO/IEC 27002 itself. It is commonly used to justify Statement of Applicability decisions.,voluntary,no,control implementation guidance|Statement of Applicability|policies|control design documentation,not applicable,unknown,iso27001|cis-controls|nist-800-53,"The 2022 revision organizes 93 controls into organizational, people, physical and technological themes with attributes for filtering.",2026-08-20,https://www.iso.org/standard/75652.html|https://www.iso.org/isoiec-27001-information-security.html
iso27017,ISO/IEC 27017,ISO 27017; cloud security controls,Global,Global,security,standard,ISO/IEC,https://www.iso.org/standard/43757.html,"Code of practice for information security controls for cloud services; linked catalogue entry is the 2015 edition, revised by ISO/IEC 27017:2026",Cloud service providers and cloud customers that need cloud-specific security guidance on top of an ISMS.,Covers cloud service provider and cloud service customer responsibilities for information security in cloud environments.,"Provides cloud-specific implementation guidance for ISO/IEC 27002 controls plus additional cloud controls, including shared responsibility, virtual environment segregation and administrative operations. It is usually assessed as an extension to an ISO/IEC 27001 certification scope.",voluntary,sometimes,shared responsibility matrix|cloud control mapping|ISMS documentation|certificate annex,aligned to the ISO 27001 certification cycle,unknown,iso27001|iso27018|csa-star,Adds cloud-specific guidance and supplementary controls layered on ISO/IEC 27002 control families.,2026-08-20,https://www.iso.org/standard/43757.html|https://www.iso.org/isoiec-27001-information-security.html
iso27018,ISO/IEC 27018,ISO 27018; PII in public clouds,Global,Global,privacy,standard,ISO/IEC,https://www.iso.org/standard/76559.html,"Code of practice for protecting personally identifiable information in public clouds acting as PII processors; linked entry is the 2019 edition, revised by ISO/IEC 27018:2025",Public cloud providers acting as processors of personally identifiable information.,Covers PII protection controls for public cloud service providers processing personal data on behalf of customers.,"Provides a code of practice with additional controls and guidance for cloud processors, including transparency about subprocessors, data location and return or deletion of data. It is typically certified as an extension to an ISO/IEC 27001 scope. It does not by itself establish legal compliance with privacy laws.",voluntary,sometimes,subprocessor list|data location documentation|deletion and return procedures|ISMS documentation|certificate annex,aligned to the ISO 27001 certification cycle,unknown,iso27001|iso27701|gdpr|iso27017,Extends ISO/IEC 27002 with PII-specific controls for public cloud processors.,2026-08-20,https://www.iso.org/standard/76559.html|https://www.iso.org/isoiec-27001-information-security.html
iso27701,ISO/IEC 27701,ISO 27701; PIMS; privacy extension to ISO 27001,Global,Global,privacy,certification,ISO/IEC,https://www.iso.org/standard/27701,Privacy information management system requirements and guidance; current edition ISO/IEC 27701:2025,"Vendors processing significant volumes of personal data for global or privacy-sensitive customers, usually as an extension to ISO 27001.","Covers a Privacy Information Management System (PIMS) for organizations acting as PII controllers, PII processors or both, within a defined ISMS scope.","Extends ISO/IEC 27001 and 27002 with privacy-specific requirements and controls for controllers and processors, including purpose limitation, data subject rights handling, records of processing and transfer transparency. Certification requires an existing or concurrent ISO/IEC 27001 certification. Annexes map controls to GDPR articles, which supports but does not prove legal compliance.",voluntary,yes,PIMS documentation|records of processing|DPIA records|data subject rights procedures|DPA templates|internal audit reports|certificate,every 3 years with annual surveillance audits,No statutory penalty; loss of the certificate can affect privacy-sensitive procurement and processor due diligence.,iso27001|gdpr|uk-gdpr-dpa2018|soc2|iso27018,Adds controller-specific and processor-specific control annexes on top of the ISO/IEC 27001 and 27002 control set.,2026-08-20,https://www.iso.org/standard/71670.html|https://www.iso.org/isoiec-27001-information-security.html
iso42001,ISO/IEC 42001,ISO 42001; AI management system; AIMS,Global,Global,ai,certification,ISO/IEC,https://www.iso.org/standard/42001,Certifiable artificial intelligence management system standard,"Organizations developing, providing or using AI systems that need a certifiable AI governance management system.","Covers an AI management system (AIMS) for the AI systems and roles inside the declared scope, for providers and users of AI.","Requires an AI management system with AI risk assessment, AI system impact assessment, defined roles across the AI lifecycle, and controls for data, model and third-party management. It is certifiable by accredited certification bodies. It is a governance standard and does not itself demonstrate conformity with AI legislation.",voluntary,yes,AIMS documentation|AI risk assessment|AI system impact assessment|model inventory|data governance records|internal audit reports|certificate,every 3 years with annual surveillance audits,No statutory penalty; increasingly requested in AI procurement and RFPs.,eu-ai-act|nist-ai-rmf|iso27001|iso27701,"Clause structure mirrors other ISO management systems, with Annex A AI controls and Annex B implementation guidance.",2026-08-20,https://www.iso.org/standard/81230.html|https://www.iso.org/artificial-intelligence/ai-management-systems
iso22301,ISO 22301,business continuity management system; BCMS,Global,Global,industry,certification,ISO,https://www.iso.org/standard/75106.html,Business continuity management system requirements,"Organizations with availability or resilience commitments, including SaaS vendors facing continuity questions in security reviews.","Covers a business continuity management system (BCMS) for the products, services and sites in the declared scope.","Requires business impact analysis, risk assessment, continuity strategies, documented plans, and exercising and testing of those plans. Certification is available from accredited bodies. Many buyers accept BCMS evidence without full certification.",voluntary,sometimes,business impact analysis|continuity plans|test and exercise reports|recovery objectives|management review minutes|certificate,every 3 years with annual surveillance audits,No statutory penalty; unmet availability commitments can trigger SLA credits or contractual remedies.,iso27001|dora|soc2|nis2,"Management-system clauses with continuity-specific requirements for BIA, strategy, plans, exercising and evaluation.",2026-08-20,https://www.iso.org/standard/75106.html|https://www.iso.org/iso-22301-business-continuity.html
iso9001,ISO 9001,quality management system; QMS,Global,Global,industry,certification,ISO,https://www.iso.org/standard/62085.html,Quality management system requirements,"Manufacturers, service providers and suppliers in quality-gated supply chains, including some enterprise and public-sector tenders.",Covers a quality management system (QMS) for the products and services in the declared scope.,"Requires a process-based QMS with customer focus, documented processes, competence management, nonconformity and corrective action handling, internal audit and management review. Certification is issued by accredited certification bodies. It addresses quality management, not information security.",voluntary,yes,quality manual|process documentation|corrective action records|internal audit reports|management review minutes|certificate,every 3 years with annual surveillance audits,No statutory penalty; loss of certification can remove a supplier from approved vendor lists.,iso27001|iso13485|iso14001,"Clauses 4 to 10 cover context, leadership, planning, support, operation, performance evaluation and improvement.",2026-08-20,https://www.iso.org/iso-9001-quality-management.html|https://www.iso.org/standard/62085.html
iso14001,ISO 14001,environmental management system; EMS,Global,Global,industry,certification,ISO,https://www.iso.org/standard/14001,Environmental management system requirements; current edition ISO 14001:2026,"Organizations with environmental commitments or customers, suppliers and tenders that require certified environmental management.","Covers an environmental management system (EMS) for the activities, products and services in the declared scope.","Requires identification of environmental aspects and compliance obligations, environmental objectives, operational controls, emergency preparedness, internal audit and management review. Certification is issued by accredited certification bodies. It manages environmental performance rather than information security or privacy.",voluntary,yes,environmental policy|aspects and impacts register|legal register|objectives and targets|internal audit reports|management review minutes|certificate,every 3 years with annual surveillance audits,No statutory penalty; loss of certification can affect supplier qualification and tender eligibility.,iso9001|csrd|iso22301,"Management-system clauses 4 to 10 with environmental aspects, compliance obligations and lifecycle perspective requirements.",2026-08-20,https://www.iso.org/iso-14001-environmental-management.html|https://www.iso.org/standard/60857.html
iso13485,ISO 13485,medical devices quality management system,Global,Global,healthcare,certification,ISO,https://www.iso.org/standard/59752.html,Quality management system requirements for medical device organizations,"Medical device manufacturers, and suppliers or software developers in the medical device supply chain, including software as a medical device.",Covers a quality management system for organizations involved in one or more stages of the medical device lifecycle.,"Requires a documented quality management system with design and development controls, risk management across the lifecycle, supplier controls, traceability, complaint handling and regulatory reporting processes. Certification supports regulatory approvals such as EU MDR conformity assessment and is widely expected by notified bodies. It is quality-system focused and does not replace product conformity assessment.",voluntary,yes,quality manual|design history file|risk management file|supplier evaluations|CAPA records|complaint and vigilance records|internal audit reports|certificate,every 3 years with annual surveillance audits,No statutory penalty directly; certification loss can block regulatory approvals and market access.,eu-mdr|eu-ivdr|iso9001|fda-21-cfr-11|us-cgmp,"Management-system clauses aligned with regulatory requirements, including design controls, risk management and post-market processes.",2026-08-20,https://www.iso.org/standard/59752.html|https://www.iso.org/standards.html
iso20000-1,ISO/IEC 20000-1,ISO 20000; IT service management system; SMS,Global,Global,industry,certification,ISO/IEC,https://www.iso.org/standard/70636.html,unverified-review-needed,IT service providers and managed service organizations facing service management requirements in contracts.,Covers a service management system (SMS) for the services in the declared scope.,"Requires a documented service management system with service planning, service level management, incident, problem and change management, and continual improvement. Certification is available from accredited bodies. It complements but does not replace security certifications.",voluntary,sometimes,service catalog|SLAs|incident and change records|service reports|internal audit reports|certificate,every 3 years with annual surveillance audits,unknown,iso27001|soc2|iso9001,"Management-system clauses plus service management process requirements such as SLM, incident, problem, change and release.",2026-08-20,https://www.iso.org/standard/70636.html|https://www.iso.org/standards.html
iso31000,ISO 31000,risk management guidelines,Global,Global,industry,guidance,ISO,https://www.iso.org/standard/65694.html,Risk management principles and guidelines; guidance rather than certifiable requirements,"Organizations building an enterprise risk management approach, often to support other certifications.","Guidance for managing risk across any organization type, size or sector; not scoped to a specific system.","Provides principles, a framework and a process for risk management including identification, analysis, evaluation, treatment, monitoring and communication. It is guidance only and is not certifiable. It is commonly referenced to justify risk methodology in ISO 27001 or SOC 2 programs.",voluntary,no,risk management policy|risk methodology|risk register|risk treatment plan,not applicable,unknown,iso27001|nist-csf|soc2,"Not a control catalog; defines principles, framework and process elements for risk management.",2026-08-20,https://www.iso.org/iso-31000-risk-management.html|https://www.iso.org/standard/65694.html
iec62443,ISA/IEC 62443,IEC 62443; industrial automation and control systems security,Global,Global,industry,standard,ISA and IEC,https://www.isa.org/standards-and-publications/isa-standards/isa-iec-62443-series-of-standards,Series of standards for security of industrial automation and control systems,"Asset owners, system integrators and product suppliers involved in industrial automation and control systems, including OT-connected software vendors.","Covers industrial automation and control systems organized into zones and conduits, with roles for asset owners, integrators and product suppliers.","Defines security program requirements for asset owners, security requirements for integration service providers, secure product development lifecycle requirements for suppliers, and technical system and component security requirements. Security levels 1 to 4 express the strength of protection required for each zone. Certification schemes such as ISASecure and IECEE assess products, processes and systems.",voluntary,sometimes,zone and conduit diagrams|risk assessment|secure development lifecycle documentation|security level target definitions|patch management plan|certification reports,"certification cycles vary by scheme, commonly every 3 years",No statutory penalty in most jurisdictions; frequently required contractually and referenced by sector regulators.,nerc-cip|nis2|iso27001|eu-cra,"Series structure covers general concepts, policies and procedures, system requirements including SR levels, and component requirements, with security levels SL 1 to SL 4.",2026-08-20,https://www.isa.org/standards-and-publications/isa-standards/isa-iec-62443-series-of-standards|https://www.iec.ch/functionalsafety
nist-csf,NIST Cybersecurity Framework,NIST CSF; CSF 2.0,United States,US,security,framework,NIST,https://www.nist.gov/cyberframework,"Voluntary risk-based cybersecurity framework, widely used internationally; CSF 2.0 published 2024","Any organization wanting a common language for cybersecurity risk, frequently used as a baseline by SMBs and as a crosswalk by larger firms.",Voluntary framework applicable to organizations of any size or sector; scope is defined by the organization.,"Organizes cybersecurity outcomes into functions and categories that organizations use to assess current and target profiles. Version 2.0, published in 2024, added the Govern function alongside Identify, Protect, Detect, Respond and Recover. It is outcome-based, so implementation is chosen by the organization and there is no certification.",voluntary,no,current and target profile|gap assessment|risk register|policies|roadmap|control mapping,annual review recommended,No statutory penalty on its own; adopted by reference in some contracts and sector rules.,iso27001|cis-controls|nist-800-53|soc2|nist-800-171,"CSF 2.0 uses six functions (Govern, Identify, Protect, Detect, Respond, Recover), categories, subcategories, plus tiers and profiles; informative references map to other control sets.",2026-08-20,https://www.nist.gov/cyberframework|https://nvlpubs.nist.gov/nistpubs/CSWP/NIST.CSWP.29.pdf
nist-800-53,NIST SP 800-53,SP 800-53 Rev. 5; security and privacy controls,United States,US,security,standard,NIST,https://csrc.nist.gov/pubs/sp/800/53/r5/upd1/final,Security and privacy control catalog for federal information systems; basis for FedRAMP baselines,"U.S. federal agencies and their systems, plus cloud providers pursuing FedRAMP and contractors that inherit the baselines.","Applies to federal information systems and organizations, and to non-federal systems where adopted by contract or program such as FedRAMP.","Provides a catalog of security and privacy controls with low, moderate and high baselines selected by system categorization. Control selection is paired with assessment procedures in SP 800-53A. FedRAMP and FISMA programs use tailored baselines drawn from this catalog.",mixed,sometimes,System Security Plan|control implementation statements|assessment reports|POA&M|continuous monitoring reports,continuous monitoring with periodic reassessment,"No direct fine; noncompliance can cause loss of authorization to operate, contract remedies or removal from federal programs.",fedramp|fisma|nist-800-171|stateramp|cmmc,"Twenty control families such as AC, AU, CM, IA, IR, RA, SC and SI, with baselines by impact level and overlays.",2026-08-20,https://csrc.nist.gov/pubs/sp/800/53/r5/upd1/final|https://csrc.nist.gov/projects/risk-management/sp800-53-controls
nist-800-171,NIST SP 800-171,SP 800-171 Rev. 3; CUI protection,United States,US,security,standard,NIST,https://csrc.nist.gov/pubs/sp/800/171/r3/final,Requirements for protecting Controlled Unclassified Information in nonfederal systems,"Non-federal organizations, including defense and civilian contractors and their suppliers, that store, process or transmit Controlled Unclassified Information.","Applies to CUI in nonfederal systems and organizations, scoped to the environment where CUI is handled.","Requires implementation of security requirements for protecting CUI, a system security plan and plans of action for gaps. DFARS 252.204-7012 obliges many defense contractors to implement it and report scores, and CMMC assessments verify it. Revision 3 restructured the requirement families and tailoring approach.",mandatory,sometimes,System Security Plan|POA&M|self-assessment score|policies|CUI data flow diagram|assessment report,self-assessment at least annually; CMMC assessments every 3 years where required,"Contractual remedies including False Claims Act exposure for inaccurate representations, contract termination and loss of award eligibility.",cmmc|dfars-7012|nist-800-53|nist-800-172|fedramp,"Security requirements grouped into families such as access control, audit and accountability, configuration management, identification and authentication, and incident response.",2026-08-20,https://csrc.nist.gov/pubs/sp/800/171/r3/final|https://www.acquisition.gov/dfars/252.204-7012-safeguarding-covered-defense-information-and-cyber-incident-reporting.
nist-800-172,NIST SP 800-172,enhanced CUI requirements; APT protection,United States,US,security,standard,NIST,https://csrc.nist.gov/pubs/sp/800/172/final,Enhanced security requirements supplementing SP 800-171 for high-value CUI,"Defense contractors handling CUI associated with critical programs or high value assets, where enhanced protection is specified.",Applies as a supplement to SP 800-171 for selected systems and components identified by the contracting agency.,"Provides enhanced security requirements aimed at advanced persistent threats, including penetration-resistant architecture and cyber resiliency measures. Requirements apply only when specified by the federal agency or contract. It is used for CMMC Level 3 assessment content.",mandatory,sometimes,System Security Plan addendum|threat assessment|enhanced control evidence|assessment report,as specified by contract; CMMC Level 3 assessments every 3 years,Contractual remedies including loss of award eligibility and contract termination.,nist-800-171|cmmc|dfars-7012,"Enhanced requirements layered onto SP 800-171 families, focused on APT resilience, damage limitation and design-for-security.",2026-08-20,https://csrc.nist.gov/pubs/sp/800/172/final|https://csrc.nist.gov/pubs/sp/800/171/r3/final
nist-ssdf,NIST SP 800-218 Secure Software Development Framework,SSDF; secure software development framework,United States,US,security,framework,NIST,https://csrc.nist.gov/pubs/sp/800/218/final,Secure software development practices referenced by US federal software attestation requirements,"Software producers, including SaaS vendors and suppliers to U.S. federal agencies subject to secure software attestation.",Covers secure software development practices across the software development lifecycle for the producer's software.,"Describes practices grouped into preparing the organization, protecting software, producing well-secured software and responding to vulnerabilities. It is referenced by U.S. federal secure software development attestation requirements for software sold to agencies. It is guidance rather than a certification.",mixed,sometimes,secure SDLC policy|code review records|SAST and DAST results|SBOM|vulnerability disclosure policy|attestation form,continuous with attestation when required by federal buyers,"For federal sales, inaccurate attestations can create False Claims Act and contract-remedy exposure; otherwise no statutory penalty.",nist-800-53|soc2|iso27001|owasp-asvs,"Practice groups PO (prepare organization), PS (protect software), PW (produce well-secured software) and RV (respond to vulnerabilities).",2026-08-20,https://csrc.nist.gov/Projects/ssdf|https://nvlpubs.nist.gov/nistpubs/SpecialPublications/NIST.SP.800-218.pdf
nist-privacy-framework,NIST Privacy Framework,NIST PF,United States,US,privacy,framework,NIST,https://www.nist.gov/privacy-framework,Voluntary privacy risk management framework companion to the NIST CSF,"Organizations building a privacy risk management program, and, notably, controllers seeking the Tennessee affirmative defense tied to this framework.",Voluntary framework for managing privacy risk arising from data processing; scope is defined by the organization.,"Organizes privacy outcomes into functions and categories that organizations use to build current and target profiles alongside the NIST Cybersecurity Framework. It is voluntary, non-certifiable and technology-neutral. Tennessee's privacy statute provides an affirmative defense for programs that reasonably conform to it.",voluntary,no,privacy risk assessment|current and target profile|data inventory|policies|privacy program documentation|gap remediation plan,annual review recommended,No statutory penalty; can support an affirmative defense under Tennessee's privacy law.,tn-tipa|gdpr|ccpa-cpra|nist-csf|iso27701,"Core functions Identify-P, Govern-P, Control-P, Communicate-P and Protect-P, with categories, subcategories, profiles and implementation tiers.",2026-08-20,https://www.nist.gov/privacy-framework|https://nvlpubs.nist.gov/nistpubs/CSWP/NIST.CSWP.01162020.pdf
nist-ai-rmf,NIST AI Risk Management Framework,NIST AI RMF; AI RMF 1.0,United States,US,ai,framework,NIST,https://www.nist.gov/itl/ai-risk-management-framework,Voluntary framework for managing risks of artificial intelligence systems,"Organizations designing, developing, deploying or using AI systems that need a voluntary AI risk management approach.",Voluntary framework for AI risks across the AI lifecycle; scope is set by the organization and AI use cases.,"Organizes AI risk management into the Govern, Map, Measure and Manage functions with characteristics of trustworthy AI. It is voluntary and not certifiable, and is often paired with the companion Playbook and generative AI profile. Many buyers use it as the structure for AI governance evidence.",voluntary,no,AI use case inventory|AI risk assessment|model documentation|evaluation results|governance policy|incident process,continuous with periodic review,No statutory penalty; used as a reference in contracts and emerging regulatory expectations.,iso42001|eu-ai-act|nist-csf,"Four functions (Govern, Map, Measure, Manage) with categories and subcategories, plus trustworthiness characteristics.",2026-08-20,https://www.nist.gov/itl/ai-risk-management-framework|https://nvlpubs.nist.gov/nistpubs/ai/NIST.AI.100-1.pdf
cis-controls,CIS Critical Security Controls,CIS Controls; CIS Top 18; Implementation Groups IG1-IG3,Global,Global,security,framework,Center for Internet Security,https://www.cisecurity.org/controls,Prioritized cyber hygiene control set maintained by the Center for Internet Security,"Any company with systems, SaaS or customer data that needs a prioritized security baseline, especially SMBs and startups.","Applies to the enterprise's assets, accounts, data and networks; implementation groups scale scope by organization size and risk.","Defines prioritized safeguards across 18 controls, grouped into Implementation Groups IG1 to IG3. IG1 is described as essential cyber hygiene for smaller organizations. The controls are voluntary, mapped to other frameworks, and not certifiable, though CIS offers self-assessment tooling.",voluntary,no,asset inventory|configuration baselines|patch records|access reviews|backup tests|logging configuration|gap assessment,annual review recommended,No statutory penalty; gaps commonly become findings in questionnaires and audit readiness reviews.,nist-csf|iso27001|soc2|cyber-essentials,"Eighteen controls with safeguards tiered across Implementation Groups IG1, IG2 and IG3.",2026-08-20,https://www.cisecurity.org/controls|https://www.cisecurity.org/controls/cis-controls-list
cis-benchmarks,CIS Benchmarks,CIS hardening benchmarks,Global,Global,security,guidance,Center for Internet Security,https://www.cisecurity.org/cis-benchmarks,"Consensus secure configuration baselines for operating systems, cloud, and applications","Any organization hardening operating systems, cloud services, containers, databases or network devices, often to satisfy audit configuration requirements.",Covers secure configuration baselines for specific technologies and versions rather than an organization-wide management system.,"Provides consensus-developed configuration recommendations with rationale, audit and remediation steps, generally organized into Level 1 and Level 2 profiles. Organizations select applicable benchmarks, document deviations and monitor drift, often using automated assessment tooling. There is no certification, though CIS Hardened Images and CIS-CAT support implementation and measurement.",voluntary,no,hardening standards|configuration baselines|benchmark scan reports|deviation approvals|drift monitoring evidence,continuous; benchmarks updated by CIS and re-scanned periodically,No statutory penalty; unhardened configurations commonly become audit findings.,cis-controls|soc2|iso27001|pci-dss,Recommendations are grouped by technology with Level 1 and Level 2 profiles and optional STIG profiles for some platforms.,2026-08-20,https://www.cisecurity.org/cis-benchmarks|https://www.cisecurity.org/cis-cat-pro
csa-star,CSA STAR,Cloud Security Alliance STAR; CAIQ; Cloud Controls Matrix; CCM,Global,Global,security,certification,Cloud Security Alliance,https://cloudsecurityalliance.org/star,"Cloud assurance registry with self-assessment, certification, and attestation levels based on the Cloud Controls Matrix",Cloud service providers and cloud-native SaaS vendors facing mature information security buyers.,"Covers the cloud service offering assessed against the Cloud Controls Matrix, at the level of assurance chosen.","Providers document controls against the CSA Cloud Controls Matrix and CAIQ and may publish results in the STAR Registry. Level 1 is self-assessment, Level 2 is third-party certification or attestation combined with ISO 27001 or SOC 2, and continuous monitoring options exist. Listing serves as a reusable trust artifact for cloud diligence.",voluntary,sometimes,CAIQ response|CCM control mapping|STAR registry listing|ISO 27001 certificate or SOC 2 report,annual for self-assessment; aligned to the underlying certification cycle for third-party levels,No statutory penalty; a stale registry entry undermines trust claims.,iso27001|soc2,"Based on the Cloud Controls Matrix domains covering areas such as identity, encryption, logging, supply chain and application security, with assurance levels 1 and 2.",2026-08-20,https://cloudsecurityalliance.org/star|https://cloudsecurityalliance.org/research/cloud-controls-matrix
owasp-asvs,OWASP Application Security Verification Standard,OWASP ASVS,Global,Global,security,standard,OWASP Foundation,https://owasp.org/www-project-application-security-verification-standard/,Open application security requirements and verification standard used in secure development programs,Development and security teams building or testing web applications and APIs.,Covers application-level security requirements for the application or API under review.,"Provides a catalog of verification requirements across levels of rigor that teams use for secure design, development and testing. It is a community standard with no formal certification body. It is often referenced in penetration test scopes and secure development policies.",voluntary,no,secure design requirements|test plans|penetration test report|code review records|remediation tickets,per release or annual review,unknown,nist-ssdf|soc2|iso27001|pci-dss,"Requirements grouped by chapters such as authentication, session management, access control, validation and cryptography, tiered across verification levels.",2026-08-20,https://owasp.org/www-project-application-security-verification-standard/|https://github.com/OWASP/ASVS
pci-dss,PCI DSS,Payment Card Industry Data Security Standard; PCI DSS v4.0.1,Global,Global,financial,standard,PCI Security Standards Council,https://www.pcisecuritystandards.org/standards/pci-dss/,Card data security standard enforced contractually by payment brands and acquirers,"Merchants and service providers that store, process or transmit cardholder data, or that can affect the security of card transactions.","Covers the cardholder data environment, connected systems and any people and processes with access to account data.","Requires implementation of technical and operational requirements across network security, data protection, vulnerability management, access control, monitoring and policy. Validation depends on merchant or service provider level and channel, using a Self-Assessment Questionnaire with an Attestation of Compliance or a Report on Compliance by a QSA. Version 4.0.1 is the current standard, with customized approach options and additional authentication and script-management requirements.",contractual,yes,network diagrams|cardholder data flow diagram|scan reports (ASV)|penetration test report|policies|SAQ or ROC|Attestation of Compliance,annual validation with quarterly ASV scans,"Card brand fines and increased transaction fees passed through acquirers, plus liability for breach costs; amounts are set contractually.",soc2|iso27001|nist-csf|glba-safeguards,"Twelve requirements grouped into six control objectives, with validation levels driven by transaction volume and channel and multiple SAQ types.",2026-08-20,https://www.pcisecuritystandards.org/document_library/|https://www.pcisecuritystandards.org/standards/pci-dss/
pci-ssf,PCI Software Security Framework,PCI SSF; Secure Software Standard; Secure SLC Standard,Global,Global,financial,standard,PCI Security Standards Council,https://www.pcisecuritystandards.org/standards/software-security-framework/,Validation framework for payment software and secure software lifecycle; successor to PA-DSS,"Vendors that develop payment software sold, licensed or distributed to third parties, and organizations validating a secure software lifecycle.",Covers payment software products under the Secure Software Standard and vendor development processes under the Secure Software Lifecycle Standard.,"The Secure Software Standard sets security objectives for payment software including sensitive data protection, attack detection and secure updates, validated by a qualified assessor. The Secure SLC Standard validates the vendor's development lifecycle so qualifying changes can be released without full revalidation. Validated products and vendors are listed by the PCI Security Standards Council and the framework replaced PA-DSS.",contractual,yes,secure SDLC documentation|threat models|test results|Report on Validation|listing on the PCI SSC website|change management records,listing validity is typically 3 years with annual attestation,No statutory fine; loss of listing affects the ability to sell validated payment software and can trigger customer contractual issues.,pci-dss|pci-3ds|nist-ssdf|owasp-asvs,"Two standards: Secure Software Standard control objectives and Secure Software Lifecycle Standard process requirements, with optional modules such as terminal software.",2026-08-20,https://www.pcisecuritystandards.org/standards/software-security-framework/|https://www.pcisecuritystandards.org/document_library/
pci-3ds,PCI 3DS Core Security Standard,PCI 3-D Secure; 3DS Core,Global,Global,financial,standard,PCI Security Standards Council,https://www.pcisecuritystandards.org/document_library/?category=3ds,Security requirements for entities performing 3-D Secure functions; standards available in the PCI SSC document library,"Entities performing 3-D Secure functions such as access control servers, directory servers and 3DS servers.","Covers the 3DS environment and the systems, processes and personnel performing 3DS functions.","Requires baseline security controls plus 3DS-specific requirements covering key management, transaction data protection and segregation of the 3DS environment. Assessment is performed by a qualified 3DS assessor, resulting in a Report on Compliance and Attestation of Compliance. It is generally applied in addition to, not instead of, PCI DSS where cardholder data is present.",contractual,yes,3DS environment diagrams|key management documentation|Report on Compliance|Attestation of Compliance|penetration test report|policies,annual,"No statutory fine; card brand and acquirer contractual consequences apply, including loss of ability to perform 3DS functions.",pci-dss|pci-ssf|psd2,"Baseline security requirements plus 3DS security requirements, assessed against the 3DS Core Security Standard.",2026-08-20,https://www.pcisecuritystandards.org/standards/3ds-standards/|https://www.pcisecuritystandards.org/document_library/
swift-csp,SWIFT Customer Security Programme,SWIFT CSP; Customer Security Controls Framework; CSCF,Global,Global,financial,framework,Swift,https://www.swift.com/myswift/customer-security-programme,Mandatory control framework plus annual attestation for institutions on the Swift network,"Financial institutions and other entities connected to the Swift network, including service bureaus and their supporting technology providers.","Covers the user's Swift-related infrastructure and the architecture type declared, from full local footprint to fully outsourced connectivity.","Requires implementation of the Customer Security Controls Framework, comprising mandatory and advisory controls scoped by architecture type. Users must submit an annual attestation through the KYC-Security Attestation application, supported by an independent assessment, either internal or external. Non-compliance can be reported to supervisors and to counterparties.",mandatory,yes,architecture type determination|control implementation evidence|independent assessment report|KYC-SA attestation|segregation and access records,annual,No civil fine from Swift; non-compliance is reportable to supervisors and counterparties and can affect network access and correspondent relationships.,pci-dss|iso27001|nydfs-500|dora,"Controls are organized into objectives and principles, split into mandatory and advisory controls scoped by architecture types A1 to B and the shared connectivity model.",2026-08-20,https://www.swift.com/myswift/customer-security-programme|https://www.swift.com/myswift/customer-security-programme-csp/security-controls
hitrust-csf,HITRUST CSF,HITRUST Common Security Framework; e1; i1; r2,Global,Global,healthcare,certification,HITRUST Alliance,https://hitrustalliance.net/hitrust-framework,"Certifiable control framework harmonizing HIPAA, NIST, ISO and other authoritative sources; heavily used in US healthcare","Vendors selling to large healthcare systems, payers and other enterprises that mandate HITRUST certification.",Covers the in-scope systems and facilities assessed against the HITRUST CSF at the selected assessment type.,"Organizations scope requirements through the HITRUST MyCSF platform, implement the mapped control requirements and undergo validation by an authorized external assessor before HITRUST issues certification. Assessment types include the e1 essentials, i1 implemented and r2 risk-based options with differing rigor and validity. The CSF maps to multiple authoritative sources including HIPAA, NIST and ISO.",voluntary,yes,MyCSF scoping|policy and procedure documentation|control implementation evidence|validated assessment report|certification letter|corrective action plans,e1 and i1 annual; r2 every 2 years with interim assessment,No statutory penalty; loss of certification typically blocks HITRUST-gated healthcare procurement.,hipaa|soc2|iso27001|nist-800-53,"CSF control categories with maturity scoring across policy, procedure and implemented levels; assessment tiers e1, i1 and r2.",2026-08-20,https://hitrustalliance.net/hitrust-framework|https://hitrustalliance.net/assessments-and-certifications
fedramp,FedRAMP,Federal Risk and Authorization Management Program,United States - Federal,US,security,certification,US General Services Administration,https://www.fedramp.gov/,US federal cloud security authorization program; baselines derived from NIST SP 800-53,Cloud service providers selling cloud offerings to U.S. federal agencies.,Covers the cloud service offering boundary and its supporting infrastructure at the authorized impact level.,"Requires implementation of NIST SP 800-53 baselines tailored by FedRAMP, assessment by an accredited third-party assessment organization, and authorization by an agency or the FedRAMP program. Authorized offerings must maintain continuous monitoring with monthly deliverables and annual assessments. Impact levels are Low, Moderate and High, with FedRAMP Tailored options for lower-risk services.",mandatory,yes,System Security Plan|Security Assessment Plan and Report|POA&M|penetration test report|monthly continuous monitoring deliverables|authorization letter,annual assessment with continuous monitoring,"No civil fine; without authorization agencies generally cannot procure the service, and authorization can be revoked.",nist-800-53|fisma|stateramp|cmmc|soc2,"Baselines derived from NIST SP 800-53 control families at Low, Moderate and High impact levels, plus FedRAMP-specific parameters.",2026-08-20,https://www.fedramp.gov/|https://www.fedramp.gov/documents-templates/
stateramp,GovRAMP,StateRAMP; State Risk and Authorization Management Program,United States - State and Local,US-State,security,certification,GovRAMP (legal entity StateRAMP),https://govramp.org/,"Cloud security verification program for US state, local, tribal, and education buyers; rebranded from StateRAMP to GovRAMP in February 2025","Cloud vendors with U.S. state, local and education (SLED) sales motions where the program is required.",Covers the cloud offering boundary assessed at the required impact level for participating state and local governments.,"Uses NIST SP 800-53 based security requirements verified by a third-party assessment organization, with progressive statuses leading to Authorized. Verified offerings are listed for participating governments and require continuous monitoring. Requirements closely mirror FedRAMP, and FedRAMP packages can often be reciprocally recognized.",mandatory,yes,System Security Plan|assessment report|POA&M|continuous monitoring deliverables|StateRAMP status listing,annual assessment with continuous monitoring,No civil fine; missing status can disqualify bids in procurements that require it.,fedramp|nist-800-53|soc2,"Security requirements based on NIST SP 800-53 baselines at Low, Moderate and High categorizations, with Ready, Provisional and Authorized statuses.",2026-08-20,https://stateramp.org/|https://stateramp.org/templates-resources/
tx-ramp,TX-RAMP,Texas Risk and Authorization Management Program,United States - Texas,US-State,security,certification,Texas Department of Information Resources,https://dir.texas.gov/tx-ramp,Statutory Texas cloud certification program required for state agency cloud contracts under Tex. Gov't Code 2054.0593,Cloud service providers contracting with Texas state agencies or institutions of higher education.,"Covers cloud computing services that process, store or transmit Texas state agency data, categorized by impact level.","Requires certification at Level 1 for higher-impact data or Level 2 for lower-impact data, based on evidence such as a StateRAMP or FedRAMP authorization, or a Texas-specific assessment package. State agencies may not enter or renew contracts for cloud services that lack the required status. The Department of Information Resources manages the program and publishes certified services.",mandatory,yes,TX-RAMP application|System Security Plan|assessment evidence or reciprocal FedRAMP/StateRAMP package|POA&M|continuous monitoring deliverables|certification listing,certification is typically valid for 3 years with continuous monitoring,"No civil fine; state agencies are prohibited from contracting for non-certified cloud services, which blocks Texas public-sector revenue.",stateramp|fedramp|nist-800-53,"Two certification levels based on data impact, with controls derived from NIST SP 800-53 through the StateRAMP model.",2026-08-20,https://dir.texas.gov/tx-ramp|https://statutes.capitol.texas.gov/Docs/GV/htm/GV.2054.htm
cmmc,Cybersecurity Maturity Model Certification,CMMC; CMMC 2.0; CMMC Level 1/2/3,United States - Federal,US,security,certification,US Department of Defense,https://dodcio.defense.gov/cmmc/,"DoD program for contractors handling Federal Contract Information and Controlled Unclassified Information; Phase II third-party assessment requirements suspended July 2026 pending reform review, Phase I self-assessments remain",Defense contractors and subcontractors in the Defense Industrial Base that handle Federal Contract Information or Controlled Unclassified Information.,"Applies to the contractor systems that process, store or transmit FCI or CUI, scoped to the assessment boundary.","Establishes three levels: Level 1 self-assessment for FCI based on FAR 52.204-21, Level 2 based on NIST SP 800-171 (self or C3PAO certification assessment), and Level 3 adding selected NIST SP 800-172 requirements assessed by DCMA DIBCAC. Contractors must post results and affirmations in SPRS. Required levels are set in solicitations under the DoD acquisition rule.",mandatory,yes,System Security Plan|POA&M|SPRS score and affirmation|CUI asset inventory|assessment report|certificate,every 3 years with annual affirmations,"Loss of contract eligibility, contract termination, and False Claims Act exposure for false representations.",nist-800-171|nist-800-172|dfars-7012|fedramp,"Three levels; Level 1 covers 15 FAR basic safeguarding requirements, Level 2 covers the NIST SP 800-171 requirement families, Level 3 adds selected SP 800-172 enhanced requirements.",2026-08-20,https://dodcio.defense.gov/CMMC/|https://www.ecfr.gov/current/title-32/subtitle-A/chapter-I/subchapter-D/part-170
fisma,Federal Information Security Modernization Act,FISMA; FISMA 2014,United States - Federal,US,security,law,US Congress; overseen by CISA and OMB,https://www.cisa.gov/topics/cyber-threats-and-advisories/federal-information-security-modernization-act,Statutory information security requirements for US federal agencies and their contractors,U.S. federal agencies and contractors operating information systems on behalf of an agency.,"Applies to federal information and information systems, including contractor systems used or operated for an agency.","Requires agencies to run an information security program with system categorization under FIPS 199, control selection from NIST SP 800-53, assessment and authorization, and continuous monitoring. Agencies report annually to OMB and Congress. Contractors inherit requirements through contract terms.",mandatory,yes,System Security Plan|risk assessment|assessment report|POA&M|authorization to operate|continuous monitoring reports,continuous monitoring with annual reporting and periodic reauthorization,"No civil fine on contractors directly; consequences include loss of authorization to operate, budget and oversight actions, and contract remedies.",nist-800-53|fedramp|nist-800-171,Implemented through the NIST Risk Management Framework and SP 800-53 control families.,2026-08-20,https://csrc.nist.gov/Projects/risk-management/fisma-background|https://www.congress.gov/bill/113th-congress/senate-bill/2521
dfars-7012,DFARS 252.204-7012,DFARS 7012; Safeguarding Covered Defense Information,United States - Federal,US,security,regulation,US Department of Defense,https://www.acquisition.gov/dfars/252.204-7012-safeguarding-covered-defense-information-and-cyber-incident-reporting.,Defense contract clause requiring NIST SP 800-171 implementation and 72-hour cyber incident reporting,U.S. Department of Defense contractors and subcontractors whose contracts involve covered defense information.,"Applies to covered contractor information systems that process, store or transmit covered defense information.","Requires implementation of NIST SP 800-171 security requirements, rapid reporting of cyber incidents to DoD within 72 hours, media preservation, malicious software submission and flow-down to subcontractors. Cloud services used to store covered defense information must generally meet DoD cloud security requirements. It is imposed through the contract clause.",mandatory,sometimes,System Security Plan|POA&M|incident reports to DIBNet|subcontract flow-down clauses|SPRS score,continuous; assessments per contract and CMMC cycle,"Contract remedies including termination, withholding of payment, and False Claims Act exposure for misrepresentation.",nist-800-171|cmmc|itar,Points to the NIST SP 800-171 requirement families plus incident reporting and flow-down obligations.,2026-08-20,https://www.acquisition.gov/dfars/252.204-7012-safeguarding-covered-defense-information-and-cyber-incident-reporting.|https://dodcio.defense.gov/CMMC/
itar,International Traffic in Arms Regulations,ITAR; 22 CFR Parts 120-130,United States - Federal,US,industry,regulation,"US Department of State, DDTC",https://www.pmddtc.state.gov/,"Export controls on defense articles, services, and technical data; drives US-person access and data residency controls","U.S. persons and companies that manufacture, export, broker or handle defense articles, defense services or technical data on the U.S. Munitions List.","Applies to defense articles and technical data on the USML, including software and technical data shared with foreign persons, wherever located.","Requires registration with the Directorate of Defense Trade Controls for manufacturers, exporters and brokers, licensing or use of exemptions for exports and re-exports, and controls preventing deemed exports to foreign persons. Recordkeeping and access controls over technical data are required, including for cloud environments. Compliance programs commonly include personnel screening and encryption practices.",mandatory,no,DDTC registration|export licenses and agreements|technical data access controls|screening records|export recordkeeping|compliance manual,annual registration renewal; continuous compliance,"Civil penalties per violation and criminal penalties up to one million U.S. dollars and up to twenty years imprisonment per willful violation, plus debarment.",ear|cmmc|dfars-7012,"Structured by USML categories and ITAR parts covering registration, licensing, exemptions, brokering and recordkeeping.",2026-08-20,https://www.pmddtc.state.gov/|https://www.ecfr.gov/current/title-22/chapter-I/subchapter-M
ear,Export Administration Regulations,EAR; 15 CFR Parts 730-774; dual-use export controls,United States - Federal,US,industry,regulation,US Bureau of Industry and Security,https://www.ecfr.gov/current/title-15/subtitle-B/chapter-VII/subchapter-C,"Dual-use export controls affecting encryption, cloud access, and technology transfer; official eCFR text administered by BIS","U.S. and, through extraterritorial rules, some non-U.S. companies exporting or transferring commercial and dual-use items, software and technology.","Applies to items subject to the EAR, including those on the Commerce Control List and EAR99 items, and to deemed exports of technology to foreign nationals.","Requires classification of items, determination of license requirements by country, end user and end use, screening against restricted party lists, and recordkeeping. Encryption software has specific classification and reporting rules. License exceptions may apply but must be documented.",mandatory,no,item classification (ECCN) records|license determinations|restricted party screening logs|export records|encryption self-classification reports|compliance manual,continuous; periodic program review recommended,"Administrative monetary penalties per violation, denial of export privileges, and criminal penalties for willful violations.",itar|cmmc,Organized by Commerce Control List categories and product groups with country charts and license exceptions.,2026-08-20,https://www.bis.doc.gov/index.php/regulations/export-administration-regulations-ear|https://www.ecfr.gov/current/title-15/subtitle-B/chapter-VII/subchapter-C
section-508,Section 508 of the Rehabilitation Act,Section 508; Revised 508 Standards,United States - Federal,US,industry,regulation,US Access Board; GSA,https://www.section508.gov/,Accessibility requirements for US federal ICT procurement; incorporates WCAG success criteria,"U.S. federal agencies and, in practice, vendors selling information and communication technology to them.","Covers ICT developed, procured, maintained or used by federal agencies, including software, websites, documents and hardware.","Requires ICT to conform to the Revised 508 Standards, which incorporate WCAG 2.0 Level A and AA success criteria for web and non-web content plus hardware and support documentation requirements. Vendors typically document conformance in an Accessibility Conformance Report based on the VPAT template. Agencies must assess and report on accessibility, and procurement can be challenged for non-conforming ICT.",mandatory,no,Accessibility Conformance Report (VPAT)|automated and manual test results|remediation roadmap|accessibility policy|training records,reassessed per release and at procurement; agency reporting is periodic,No direct fine; consequences include lost or challenged federal awards and administrative complaints or civil actions under the Rehabilitation Act.,ada|wcag|eu-accessibility-act,"Revised 508 Standards adopt WCAG 2.0 A and AA success criteria along with functional performance criteria and hardware, software and support documentation chapters.",2026-08-20,https://www.section508.gov/|https://www.access-board.gov/ict/
ada,Americans with Disabilities Act,ADA; ADA Title II web accessibility rule,United States,US,industry,law,US Department of Justice,https://www.ada.gov/,Civil rights statute driving digital accessibility obligations and litigation risk for public accommodations,"Places of public accommodation under Title III, employers under Title I, and state and local governments and their vendors under Title II.","Covers discrimination on the basis of disability, applied by courts and DOJ rulemaking to websites, mobile apps and other digital services.","Requires that goods, services and programs be accessible to people with disabilities, including effective communication and reasonable modifications. The 2024 Title II rule requires state and local government web content and mobile apps to conform to WCAG 2.1 Level AA, with compliance dates in 2026 and 2027 depending on entity size. For private businesses under Title III there is no codified technical standard, so WCAG conformance is the prevailing benchmark used in litigation and settlements.",mandatory,no,accessibility policy|Accessibility Conformance Report (VPAT)|audit and remediation records|user testing results|training records|barrier removal plan,continuous; audits commonly annual and per major release,"Private plaintiffs may obtain injunctive relief and attorney fees, and some state laws add damages; DOJ civil penalties for Title III violations are set by regulation and adjusted for inflation, exceeding 100,000 US dollars for subsequent violations.",wcag|section-508|eu-accessibility-act,"No control families; digital conformance is evaluated against WCAG success criteria, with the Title II rule specifying WCAG 2.1 Level AA.",2026-08-20,https://www.ada.gov/|https://www.ada.gov/resources/2024-03-08-web-rule/
wcag,Web Content Accessibility Guidelines,WCAG; WCAG 2.1; WCAG 2.2,Global,Global,industry,standard,W3C Web Accessibility Initiative,https://www.w3.org/TR/WCAG22/,"Technical accessibility success criteria referenced by ADA, Section 508, EN 301 549, and the EU Accessibility Act","Any organization producing web or digital content, especially those subject to ADA, Section 508, EN 301 549 or the European Accessibility Act.","Covers web content, including web applications, documents and, through WCAG2ICT guidance, non-web software and content.","Organizes accessibility requirements under the perceivable, operable, understandable and robust principles, with testable success criteria at conformance levels A, AA and AAA. Level AA is the common regulatory and contractual benchmark. Conformance is self-declared or evaluated by specialists, since there is no certification body.",voluntary,no,Accessibility Conformance Report (VPAT)|automated scan results|manual and assistive technology test results|remediation backlog|design system accessibility documentation,per release; full audits commonly annual,No penalty in itself; non-conformance drives liability under accessibility laws that reference it.,ada|section-508|eu-accessibility-act,"Four principles, thirteen guidelines and success criteria graded at levels A, AA and AAA; WCAG 2.2 adds criteria to WCAG 2.1.",2026-08-20,https://www.w3.org/TR/WCAG22/|https://www.w3.org/WAI/standards-guidelines/wcag/
uk-g-cloud,UK G-Cloud Framework,Digital Marketplace G-Cloud; Crown Commercial Service G-Cloud,United Kingdom,UK,industry,framework,UK Crown Commercial Service,https://www.crowncommercial.gov.uk/agreements/RM1557.14,"UK public sector cloud procurement framework (agreement RM1557.14, G-Cloud 14) with supplier assurance and terms obligations","Suppliers selling cloud hosting, software or support to UK public-sector buyers through the Crown Commercial Service framework.","Covers services listed on the framework and the associated framework and call-off contract terms, not a security control set.","Suppliers apply during a framework iteration, submit service definitions, pricing and terms, and must keep listings accurate. Call-off contracts impose obligations that commonly include security, data protection, transparency and exit assistance, and buyers frequently require Cyber Essentials or equivalent assurance. Listings are only valid for the framework term, so re-application is needed for successor iterations.",contractual,no,service definition documents|pricing documents|framework agreement|call-off contract|security questionnaire responses|Cyber Essentials certificate,"per framework iteration, historically about every 12 to 18 months",No statutory fine; removal from the framework or contract termination ends public-sector sales through that route.,cyber-essentials|uk-gdpr-dpa2018|iso27001,Not a control framework; obligations flow from framework and call-off terms plus buyer-specific assurance requirements.,2026-08-20,https://www.gov.uk/guidance/g-cloud-suppliers-guide|https://www.crowncommercial.gov.uk/agreements/RM1557.14
cyber-essentials,Cyber Essentials,Cyber Essentials Plus; CE; CE+,United Kingdom,UK,security,certification,UK National Cyber Security Centre,https://www.ncsc.gov.uk/cyberessentials/overview,UK government-backed baseline cyber certification; Plus adds hands-on technical verification,"Vendors selling to UK government and to UK private buyers that require the scheme, including many public-sector tenders.","Covers internet-facing infrastructure, devices, software and user accounts within the declared organizational scope.","Requires implementation of five technical control themes: firewalls, secure configuration, security update management, user access control and malware protection. Basic certification is a verified self-assessment; Cyber Essentials Plus adds hands-on technical verification by an assessor. Certification is valid for twelve months.",mixed,yes,self-assessment questionnaire|asset and software inventory|patch evidence|MFA configuration|certificate,annual,No statutory fine; expired or missing certification can disqualify suppliers from UK tenders that mandate it.,cis-controls|iso27001|soc2,Five control themes; two levels (Cyber Essentials and Cyber Essentials Plus) with the Plus level independently tested.,2026-08-20,https://www.ncsc.gov.uk/cyberessentials/overview|https://iasme.co.uk/cyber-essentials/
irap,Infosec Registered Assessors Program,IRAP; ASD IRAP assessment,Australia,APAC,security,attestation,Australian Signals Directorate,https://www.cyber.gov.au/business-government/protecting-devices-systems/assessment-evaluation-programs/irap,ASD-endorsed independent security assessment against the Australian Information Security Manual,Vendors and cloud providers seeking to handle Australian government information.,Covers the system or service assessed against the Australian Government Information Security Manual controls at the relevant classification level.,"An IRAP-endorsed assessor evaluates the system against the ISM controls and produces a security assessment report; the government entity then makes its own risk-based authorization decision. IRAP is an assessment process, not a certification issued by the ASD. Scope and classification level determine applicable controls.",mixed,yes,system security plan|ISM control matrix|IRAP assessment report|risk management plan|POA&M,typically every 24 months or on significant change,No direct fine; agencies may decline to use unassessed services.,essential-eight|iso27001|fedramp,"Controls come from the Australian Government Information Security Manual, with Essential Eight maturity levels frequently assessed alongside.",2026-08-20,https://www.cyber.gov.au/resources-business-and-government/assessment-and-evaluation-programs/irap|https://www.cyber.gov.au/resources-business-and-government/essential-cyber-security/ism
essential-eight,ACSC Essential Eight,Essential Eight Maturity Model; E8,Australia,APAC,security,framework,Australian Signals Directorate,https://www.cyber.gov.au/resources-business-and-government/essential-cyber-security/essential-eight,Prioritized mitigation strategies and maturity model used across Australian government and industry,"Australian organizations, including government suppliers, expected to demonstrate baseline cyber mitigation maturity.",Applies to the organization's internet-connected IT environment; maturity levels scale with threat sophistication.,"Defines eight mitigation strategies including application control, patching applications and operating systems, configuring macro settings, user application hardening, restricting administrative privileges, multi-factor authentication and regular backups. Maturity Levels One to Three describe increasing rigor. Non-corporate Commonwealth entities are directed to implement it, and it is widely used commercially as a baseline.",mixed,sometimes,maturity assessment|patch records|application control configuration|MFA configuration|backup test records,annual assessment commonly expected,No direct fine for private entities; government entities face compliance reporting and directive obligations.,irap|cis-controls|cyber-essentials,"Eight mitigation strategies assessed against Maturity Levels One, Two and Three.",2026-08-20,https://www.cyber.gov.au/resources-business-and-government/essential-cyber-security/essential-eight|https://www.cyber.gov.au/resources-business-and-government/essential-cyber-security/essential-eight/essential-eight-maturity-model
bsi-c5,BSI Cloud Computing Compliance Criteria Catalogue,C5; C5:2020; Kriterienkatalog Cloud Computing,Germany,EU,security,attestation,German Federal Office for Information Security (BSI),https://www.bsi.bund.de/SharedDocs/Downloads/EN/BSI/CloudComputing/ComplianceControlsCatalogue/2020/C5_2020.html,German government cloud criteria catalogue audited via ISAE 3000 type attestation reports,"Cloud service providers selling into German and DACH markets, especially to public sector and regulated customers.",Covers the cloud service in scope against the BSI Cloud Computing Compliance Criteria Catalogue.,"Providers are assessed by an auditor against the C5 criteria and receive an attestation report based on ISAE 3000 style engagements, issued as Type 1 or Type 2. The catalogue includes basic and additional criteria plus mandatory environmental disclosures about jurisdiction and data location. German federal customers frequently require C5 attestation.",mixed,yes,C5 attestation report|system description|control matrix|environmental disclosures|penetration test report,annual,No statutory fine for private providers; absence commonly blocks German public-sector and regulated procurement.,iso27001|soc2|csa-star|nis2,"Criteria organized into control domains with basic and additional criteria, plus supplementary environmental information requirements.",2026-08-20,https://www.bsi.bund.de/EN/Themen/Unternehmen-und-Organisationen/Informationen-und-Empfehlungen/Empfehlungen-nach-Angriffszielen/Cloud-Computing/Kriterienkatalog-C5/kriterienkatalog-c5_node.html|https://www.bsi.bund.de/EN/Home/home_node.html
ens-spain,Esquema Nacional de Seguridad,ENS; Spanish National Security Framework; Real Decreto 311/2022,Spain,EU,security,certification,Centro Criptologico Nacional (CCN),https://ens.ccn.cni.es/es/,Mandatory Spanish security framework for public administrations and their private-sector suppliers,Spanish public sector entities and private-sector suppliers providing services or systems to them.,"Covers information systems used to provide services to Spanish public administrations, categorized as basic, medium or high.","Requires system categorization, a risk analysis, a declaration or certification of conformity, and implementation of the security measures in Annex II appropriate to the category. Basic-category systems may use a self-declaration, while medium and high categories require certification by an accredited conformity assessment entity. Conformity must be published and maintained.",mandatory,yes,system categorization|risk analysis|security policy|Statement of Applicability|conformity declaration or certificate|continuous improvement records,certification is typically valid for 2 years with periodic audit,"No general fine schedule for suppliers; without conformity, public-sector contracts and system operation are blocked, and public bodies face administrative consequences.",iso27001|nis2|bsi-c5,"Security measures in Annex II grouped into organizational, operational and protection measures, scaled by basic, medium and high categories.",2026-08-20,https://ens.ccn.cni.es/es/|https://www.boe.es/eli/es/rd/2022/05/03/311
ismap,ISMAP,Information system Security Management and Assessment Program,Japan,APAC,security,certification,"ISMAP Steering Committee (Digital Agency, METI, MIC)",https://www.ismap.go.jp/csm,Japanese government cloud service security assessment and registration program,Cloud service providers seeking to sell cloud services to Japanese government agencies.,"Covers the registered cloud service and its management, operational and technical controls, with a separate lighter track for low-risk services.","Providers implement the ISMAP control criteria, undergo an audit by an ISMAP-registered auditing firm, and apply for registration on the ISMAP cloud service list maintained by the steering committee. Government procurement is generally limited to registered services. Registration must be renewed through periodic audits and updated for significant changes.",mandatory,yes,control implementation documentation|internal audit records|external audit report|application and registration records|risk assessment,annual audit and renewal,"No civil fine; without registration, Japanese government procurement is generally not available.",iso27001|fedramp|k-isms-p,"Control criteria derived from ISO/IEC 27001, 27002, 27017 and NIST SP 800-53, split into governance, management and operational and technical controls, with an ISMAP-LIU track for low-impact services.",2026-08-20,https://www.ismap.go.jp/csm|https://www.ismap.go.jp/csm?id=kb_article_view&sysparm_article=KB0010005
k-isms-p,ISMS-P (Korea),K-ISMS; K-ISMS-P; Personal Information and Information Security Management System,South Korea,APAC,security,certification,Korea Internet & Security Agency (KISA),https://www.kisa.or.kr/1050602,"Korean statutory certification for information security and personal information management systems, operated by KISA","Korean information and communications service providers meeting statutory thresholds, plus organizations voluntarily certifying, including foreign providers serving Korea.","Covers the certified management system scope, either ISMS for information security or ISMS-P which adds personal information protection.","Requires implementation of management system requirements and control items, an internal review, and certification audit by an authorized certification body under KISA and the PIPC. Certain service providers are legally required to obtain ISMS certification based on revenue and user thresholds. Certificates are valid for three years with annual follow-up audits.",mixed,yes,management system documentation|risk assessment|control implementation evidence|internal review records|certification audit report|certificate,every 3 years with annual follow-up audits,"Fines of up to 30 million Korean won for failing to obtain mandatory ISMS certification, alongside separate PIPA penalties for privacy violations.",pipa-korea|iso27001|ismap,Management system requirements plus control items in ISMS and additional personal information lifecycle controls in the ISMS-P scope.,2026-08-20,https://isms.kisa.or.kr/main/|https://www.pipc.go.kr/eng/
mtcs-sg,Multi-Tier Cloud Security Singapore Standard,MTCS; SS 584; SS 584:2020,Singapore,APAC,security,certification,Infocomm Media Development Authority; Singapore Standards Council,https://www.imda.gov.sg/-/media/imda/files/industry-development/enterprises/mtcs/factsheet.pdf,Three-tier cloud security certification required for Singapore government public cloud bulk tenders; official IMDA factsheet,"Cloud service providers serving Singapore government and regulated customers, particularly for bulk tender eligibility.","Covers the cloud service and supporting infrastructure certified at Level 1, 2 or 3 according to data sensitivity and business impact.",Providers implement the SS 584 controls for the target tier and are certified by an accredited certification body. Level 3 is aimed at regulated and high-impact workloads and includes the most extensive control set. Certification is accompanied by a self-disclosure schedule that customers use for due diligence.,mixed,yes,control implementation documentation|self-disclosure schedule|certification audit report|certificate|risk assessment,every 3 years with annual surveillance audits,No statutory fine; missing certification can exclude providers from Singapore government cloud tenders.,iso27001|pdpa-singapore|csa-star,"Controls organized by domain across three cumulative tiers, with Level 3 adding the strictest requirements.",2026-08-20,https://www.imda.gov.sg/-/media/imda/files/industry-development/enterprises/mtcs/factsheet.pdf|https://www.imda.gov.sg/
tisax,TISAX,Trusted Information Security Assessment Exchange; VDA ISA,Global,EU,security,certification,ENX Association,https://www.enx.com/en-US/TISAX/,Automotive-sector information security assessment and result-exchange mechanism based on the VDA ISA catalogue,"Suppliers and service providers in the automotive industry supply chain, including software vendors serving OEMs.",Covers the sites and services in the declared assessment scope against the VDA ISA catalogue at the required assessment level.,"Participants perform a VDA ISA self-assessment, undergo an audit by an accredited provider at the required assessment level, and share results through the ENX exchange rather than receiving a public certificate. Assessment objectives cover information security, prototype protection and data protection depending on scope. Labels are typically valid for three years.",contractual,yes,VDA ISA self-assessment|assessment report|TISAX labels|policies|prototype protection controls,every 3 years,No statutory fine; missing labels typically block automotive supplier onboarding and contracts.,iso27001|gdpr|soc2,"Based on the VDA Information Security Assessment catalogue with assessment levels AL 1 to AL 3 and modules for information security, prototype protection and data protection.",2026-08-20,https://portal.enx.com/en-US/TISAX/|https://www.vda.de/en/topics/digitalisation/data/information-security
coppa,Children's Online Privacy Protection Rule,COPPA; COPPA Rule; 16 CFR Part 312,United States,US,privacy,regulation,US Federal Trade Commission,https://www.ftc.gov/legal-library/browse/rules/childrens-online-privacy-protection-rule-coppa,Parental consent and data handling requirements for online services directed to children under 13,"Operators of websites, apps and online services directed to children under 13, and operators with actual knowledge that they collect personal information from children under 13.","Applies to online collection, use and disclosure of personal information from children under 13, including through third-party services integrated into child-directed properties.","Requires a clear online privacy notice, direct notice and verifiable parental consent before collecting personal information from children, and a means for parents to review or delete data and revoke consent. Operators must limit collection to what is reasonably necessary, retain data only as long as needed, and maintain reasonable security including vendor assurances. The amended COPPA Rule adds requirements such as a written children's data security program and separate consent for third-party disclosures including targeted advertising.",mandatory,no,child-directed determination|privacy notice|parental consent records|data retention policy|vendor agreements|security program documentation|deletion request logs,continuous; retention and security program reviewed at least annually,"FTC civil penalties of up to the statutory maximum per violation, adjusted annually for inflation and currently over 50,000 US dollars per violation, plus injunctive relief.",ferpa|ccpa-cpra|gdpr,"Rule sections cover notice, parental consent, parental rights, confidentiality and security, and safe harbor programs.",2026-08-20,https://www.ftc.gov/legal-library/browse/rules/childrens-online-privacy-protection-rule-coppa|https://www.ecfr.gov/current/title-16/chapter-I/subchapter-C/part-312
ferpa,Family Educational Rights and Privacy Act,FERPA; 34 CFR Part 99,United States,US,privacy,law,US Department of Education,https://studentprivacy.ed.gov/ferpa,Student education records privacy law flowing down to school-service vendors under the school official exception,"U.S. educational agencies and institutions receiving Department of Education funding, and vendors acting as school officials under their direct control.",Applies to education records containing personally identifiable information about students held by covered schools and their designated school officials.,"Requires parental or eligible-student consent before disclosing personally identifiable information from education records, unless an exception such as the school official exception applies. Vendors relying on that exception must use the data only for authorized purposes, remain under the school's direct control and not redisclose without authorization. Schools must provide annual notification of rights and allow inspection, review and amendment requests.",mandatory,no,district data privacy agreement|annual notification of rights|data use limitations documentation|subprocessor list|deletion and return procedures|training records,continuous; contracts and notices reviewed annually,"No monetary fine; the Department of Education may require corrective action and can ultimately withhold federal funding, and vendors may face a five-year prohibition on access after certain violations.",coppa|hipaa|ccpa-cpra,Obligations are structured by disclosure exceptions and recordkeeping duties in 34 CFR Part 99 rather than technical control families.,2026-08-20,https://studentprivacy.ed.gov/ferpa|https://www.ecfr.gov/current/title-34/subtitle-A/part-99
can-spam,CAN-SPAM Act,CAN-SPAM Rule; 16 CFR Part 316,United States,US,privacy,law,US Federal Trade Commission,https://www.ftc.gov/business-guidance/resources/can-spam-act-compliance-guide-business,"Commercial email requirements covering headers, unsubscribe, physical address, and deceptive content","Any organization sending commercial email messages that promote a product or service to U.S. recipients, including B2B senders.","Applies to commercial electronic mail messages, with lighter rules for transactional or relationship messages, regardless of whether the list is opt-in.","Requires accurate header and sender information, non-deceptive subject lines, identification of the message as an advertisement where applicable, a valid physical postal address, and a clear opt-out mechanism. Opt-out requests must be honored within ten business days and the mechanism must remain functional for at least 30 days after sending. Senders remain responsible for compliance by affiliates and agents acting on their behalf.",mandatory,no,email templates with identification and address|unsubscribe workflow evidence|suppression list|sending policy|affiliate and vendor agreements,continuous,"FTC civil penalties of up to the statutory maximum per non-compliant email, adjusted annually for inflation and currently over 50,000 US dollars per email, with aggravated violations subject to additional liability.",casl|tcpa|uk-pecr,"Requirements are organized around header accuracy, identification, opt-out and physical address rather than control families.",2026-08-20,https://www.ftc.gov/business-guidance/resources/can-spam-act-compliance-guide-business|https://www.ecfr.gov/current/title-16/chapter-I/subchapter-C/part-316
tcpa,Telephone Consumer Protection Act,TCPA; 47 CFR 64.1200; robocall and SMS consent rules,United States,US,privacy,law,US Federal Communications Commission,https://www.fcc.gov/general/telemarketing-and-robocalls,"Consent requirements for calls, texts, and faxes; significant private-right-of-action exposure","Any business placing calls or sending text messages or faxes to U.S. numbers, including SaaS platforms enabling such messaging on customers' behalf.","Applies to calls and texts using an automatic telephone dialing system or artificial or prerecorded voice, telemarketing to residential and wireless numbers, and unsolicited fax advertisements.","Requires prior express consent for many automated calls and texts, and prior express written consent for marketing calls and texts to wireless numbers and for artificial or prerecorded telemarketing calls. Callers must honor do-not-call requests, screen against the National Do Not Call Registry for telemarketing, provide identification and an opt-out mechanism, and observe calling-time restrictions. FCC rules also require revocation of consent to be honored promptly, generally within ten business days.",mandatory,no,consent capture records|do-not-call and revocation logs|calling scripts and disclosures|vendor agreements|complaint handling records,continuous,"Statutory damages of 500 US dollars per violation, trebled up to 1,500 US dollars for willful or knowing violations, with an active private right of action and class-action exposure, plus FCC forfeitures.",can-spam|casl,"Obligations derive from the statute and FCC rules in 47 CFR 64.1200 covering consent, identification and do-not-call requirements.",2026-08-20,https://www.fcc.gov/general/telemarketing-and-robocalls|https://www.ecfr.gov/current/title-47/chapter-I/subchapter-B/part-64/subpart-L
fcra,Fair Credit Reporting Act,FCRA; 15 U.S.C. 1681,United States,US,privacy,law,US Federal Trade Commission; CFPB,https://www.ftc.gov/legal-library/browse/statutes/fair-credit-reporting-act,"Governs consumer reports, background screening, and furnisher obligations","Consumer reporting agencies, users of consumer reports such as employers and lenders, and furnishers of information to consumer reporting agencies.","Applies to consumer reports used for credit, employment, insurance, tenancy and other permissible purposes, including background screening and some data analytics products.","Requires permissible purpose for obtaining consumer reports, disclosure and written authorization for employment screening, and pre-adverse and adverse action notices with a copy of the report and summary of rights. Consumer reporting agencies must follow reasonable procedures to assure maximum possible accuracy, investigate disputes and honor consumer file access rights. Furnishers must provide accurate information and investigate disputed items.",mandatory,no,permissible purpose certifications|disclosure and authorization forms|adverse action notice templates|dispute handling records|accuracy procedures|vendor agreements,continuous; policies reviewed periodically,"Statutory damages of 100 to 1,000 US dollars per willful violation plus punitive damages and attorney fees, actual damages for negligent violations, and FTC or CFPB civil penalties.",glba-safeguards|ccpa-cpra,"Obligations are organized by role: consumer reporting agency, user of reports and furnisher of information.",2026-08-20,https://www.ftc.gov/legal-library/browse/statutes/fair-credit-reporting-act|https://www.consumerfinance.gov/rules-policy/regulations/1022/
bipa,Illinois Biometric Information Privacy Act,BIPA; 740 ILCS 14,United States - Illinois,US-State,privacy,law,Illinois General Assembly,https://www.ilga.gov/Legislation/ILCS/Articles?ActID=3004&ChapterID=57,"Biometric consent, retention, and disclosure statute with a private right of action","Private entities that collect or possess biometric identifiers or biometric information from individuals in Illinois, including employers using biometric timekeeping.","Applies to biometric identifiers such as fingerprints, voiceprints, retina or iris scans and face geometry, and to biometric information derived from them.","Requires a written, publicly available retention and destruction policy, informed written consent before collection, and a prohibition on selling or profiting from biometric data. Disclosure to third parties generally requires consent, and entities must store biometric data using the reasonable standard of care applicable to their industry. Illinois amended the statute in 2024 so that repeated collections of the same biometric from the same person generally give rise to a single violation.",mandatory,no,written release and consent records|retention and destruction schedule|public biometric policy|vendor agreements|deletion evidence|security documentation,continuous; destruction when purpose is satisfied or within three years of last interaction,"Statutory damages of 1,000 US dollars per negligent violation and 5,000 US dollars per intentional or reckless violation, or actual damages if greater, with a private right of action and attorney fees.",ccpa-cpra|wa-my-health-my-data|il-ai-video-interview,"Obligations center on notice, written consent, retention policy, prohibition on sale and security standards.",2026-08-20,https://www.ilga.gov/legislation/ilcs/ilcs3.asp?ActID=3004&ChapterID=57|https://www.illinoisattorneygeneral.gov/
wa-my-health-my-data,Washington My Health My Data Act,MHMD; My Health My Data,United States - Washington,US-State,privacy,law,Washington State Legislature; Washington Attorney General,https://app.leg.wa.gov/RCW/default.aspx?cite=19.373,"Consumer health data law codified at RCW chapter 19.373, with consent and authorization requirements plus a private right of action","Legal entities that conduct business in Washington or target Washington consumers and that collect, process, share or sell consumer health data, excluding HIPAA-covered data and government agencies.","Applies to consumer health data, defined broadly to include information that identifies a consumer's past, present or future physical or mental health status, including inferences and precise location near health facilities.","Requires a separate consumer health data privacy policy, opt-in consent for collection and sharing beyond what is necessary for a requested product or service, and separate valid authorization to sell such data. Consumers have rights to confirm, access, withdraw consent and delete their health data, including deletion by downstream recipients. Geofencing around in-person health service locations for advertising or data collection is prohibited.",mandatory,no,consumer health data privacy policy|consent and authorization records|deletion request workflow|data inventory|vendor and processor contracts|geofencing controls,continuous,"Enforced as a Consumer Protection Act violation by the Attorney General, with a private right of action; CPA civil penalties reach up to 7,500 US dollars per violation.",bipa|ccpa-cpra|hipaa,"Obligations are organized around notice, consent, authorization for sale, consumer rights and the geofencing prohibition.",2026-08-20,https://www.atg.wa.gov/my-health-my-data-act|https://app.leg.wa.gov/rcw/default.aspx?cite=19.373
nyc-ll144,NYC Local Law 144,NYC AEDT Law; automated employment decision tools bias audit,United States - New York City,US-State,ai,law,NYC Department of Consumer and Worker Protection,https://www.nyc.gov/site/dca/about/automated-employment-decision-tools.page,Requires annual independent bias audits and candidate notice for automated employment decision tools,Employers and employment agencies using automated employment decision tools for hiring or promotion decisions concerning candidates and employees in New York City.,Covers automated employment decision tools used to substantially assist or replace discretionary decisions for NYC-based positions.,"Requires an independent bias audit within one year before use, calculating selection or scoring rates and impact ratios by sex and race or ethnicity categories, with a public summary of results posted on the employer's website. Candidates and employees must receive at least ten business days' notice before use, including the job qualifications and characteristics assessed. Enforcement is by the Department of Consumer and Worker Protection.",mandatory,yes,independent bias audit report|published audit summary|candidate notices|tool inventory|vendor documentation and data|record retention,annual bias audit,"Civil penalties of up to 500 US dollars for a first violation and 500 to 1,500 US dollars for each subsequent violation, with each day of continued non-compliant use treated as a separate violation.",il-ai-video-interview|co-admt-act|eu-ai-act,"No control families; obligations center on the bias audit methodology, publication and candidate notice.",2026-08-20,https://www.nyc.gov/site/dca/about/automated-employment-decision-tools.page|https://rules.cityofnewyork.us/rule/automated-employment-decision-tools-updated/
il-ai-video-interview,Illinois Artificial Intelligence Video Interview Act,AIVIA; 820 ILCS 42,United States - Illinois,US-State,ai,law,Illinois General Assembly,https://www.ilga.gov/Legislation/ILCS/Articles?ActID=4015&ChapterID=68,"Notice, consent, and reporting duties when AI analyzes video interviews of applicants",Employers that use artificial intelligence to analyze video interviews of applicants for positions based in Illinois.,"Covers AI analysis of applicant video interviews, including the notice, consent, sharing and deletion of those recordings.","Requires notifying applicants before the interview that AI may be used, explaining how the AI works and what characteristics it evaluates, and obtaining consent. Videos may be shared only with persons whose expertise is necessary to evaluate the applicant, and must be deleted, including backups, within 30 days of an applicant's deletion request. Employers that rely solely on AI to decide who advances to in-person interviews must collect and report race and ethnicity data annually to the Illinois Department of Commerce and Economic Opportunity.",mandatory,no,applicant notice and explanation|consent records|deletion evidence|sharing logs|annual demographic report where applicable|vendor documentation,continuous; demographic reporting annual where applicable,"The Act does not specify monetary penalties; enforcement exposure arises through related Illinois employment and civil rights laws, so the specific penalty amount is unknown.",bipa|nyc-ll144|eu-ai-act,"No control families; obligations cover notice, explanation, consent, sharing limits, deletion and demographic reporting.",2026-08-20,https://www.ilga.gov/legislation/ilcs/ilcs3.asp?ActID=4015&ChapterID=68|https://dceo.illinois.gov/
ccpa-cpra,California Consumer Privacy Act as amended by CPRA,CCPA; CPRA; California Privacy Rights Act,United States - California,US-State,privacy,law,California Privacy Protection Agency; California Attorney General,https://oag.ca.gov/privacy/ccpa,"First US comprehensive state privacy law; CPRA added sensitive data, sharing opt-out, and a dedicated regulator","For-profit businesses that do business in California and meet a threshold: over 25 million US dollars in annual gross revenue, buying, selling or sharing personal information of 100,000 or more California consumers or households, or deriving 50 percent or more of annual revenue from selling or sharing personal information.","Applies to personal information of California residents, including employees, job applicants and business contacts, with entity- and data-level exemptions such as HIPAA, GLBA and FCRA data.","Requires notices at collection and a comprehensive privacy policy, and support for rights to know, delete, correct, opt out of sale or sharing, limit use of sensitive personal information and non-discrimination. Businesses must honor opt-out preference signals such as Global Privacy Control, provide a Do Not Sell or Share link where applicable, and use compliant contracts with service providers, contractors and third parties. Risk assessments, cybersecurity audits and automated decision-making rules apply under CPPA regulations on a phased timeline.",mandatory,sometimes,notice at collection|privacy policy|consumer rights request log|opt-out preference signal handling|service provider contracts|data inventory|risk assessments|cybersecurity audit records|training records,"continuous; privacy policy updated at least every 12 months, with annual cybersecurity audits phased in for in-scope businesses","Administrative or civil penalties of 2,500 US dollars per violation and 7,500 US dollars per intentional violation or violation involving a minor's data, plus a private right of action for certain data breaches with statutory damages of 100 to 750 US dollars per consumer per incident.",vcdpa|co-cpa|ctdpa|gdpr|wa-my-health-my-data,"No control families; obligations cover notices, consumer rights, opt-out signals, sensitive data limits, contracts and, under CPPA regulations, risk assessments, cybersecurity audits and automated decision-making technology.",2026-08-20,https://oag.ca.gov/privacy/ccpa|https://cppa.ca.gov/regulations/
vcdpa,Virginia Consumer Data Protection Act,VCDPA; Va. Code 59.1-575,United States - Virginia,US-State,privacy,law,Virginia General Assembly; Virginia Attorney General,https://law.lis.virginia.gov/vacodefull/title59.1/chapter53/,Comprehensive state privacy law effective January 2023; template for many later state laws,"Businesses that conduct business in Virginia or target Virginia residents and meet the applicability thresholds: controlling or processing personal data of at least 100,000 Virginia consumers, or at least 25,000 consumers while deriving over 50 percent of gross revenue from the sale of personal data.","Applies to personal data of Virginia residents acting in an individual or household context; employee and business-to-business contact data are generally excluded, and entity- or data-level exemptions typically cover HIPAA, GLBA and FCRA data. Nonprofits and institutions of higher education are exempt.","Requires a privacy notice and support for consumer rights to access, delete and obtain a portable copy of personal data, plus opt-outs where applicable for targeted advertising, sale of personal data and certain profiling. Sensitive data handling and data protection assessments follow the statute's specific rules. Controllers must use processor contracts with defined duties, and the law took effect on January 1, 2023. Consent is required before processing sensitive data, and data protection assessments are required for targeted advertising, sale, certain profiling and sensitive data processing.",mandatory,no,privacy notice|data inventory|records of processing|data protection assessments|processor contracts (DPAs)|consumer rights request log|opt-out and preference-signal configuration|consent records for sensitive data,continuous; assessments refreshed on material change,"Attorney General enforcement only, with civil penalties of up to 7,500 US dollars per violation plus recovery of expenses; there is no private right of action.",ccpa-cpra|co-cpa|ctdpa|tdpsa|gdpr,"No control families; obligations are organized around notices, consumer rights, sensitive data, data protection assessments and processor contracts. The statute provides a 30-day cure period before enforcement.",2026-08-20,https://law.lis.virginia.gov/vacodefull/title59.1/chapter53/|https://www.oag.state.va.us/
co-cpa,Colorado Privacy Act,CPA; Colorado Privacy Act rules,United States - Colorado,US-State,privacy,law,Colorado Attorney General,https://coag.gov/resources/colorado-privacy-act/,Comprehensive state privacy law with universal opt-out mechanism recognition and detailed AG rules,"Businesses that conduct business in Colorado or target Colorado residents and meet the applicability thresholds: controlling or processing personal data of at least 100,000 Colorado consumers, or at least 25,000 consumers while deriving revenue or receiving a discount from the sale of personal data.","Applies to personal data of Colorado residents acting in an individual or household context; employee and business-to-business contact data are generally excluded, and entity- or data-level exemptions typically cover HIPAA, GLBA and FCRA data. Nonprofits are covered, unlike in several other states.","Requires a privacy notice and support for consumer rights to access, delete and obtain a portable copy of personal data, plus opt-outs where applicable for targeted advertising, sale of personal data and certain profiling. Sensitive data handling and data protection assessments follow the statute's specific rules. Controllers must use processor contracts with defined duties, and the law took effect on July 1, 2023. Controllers must recognize universal opt-out mechanisms on the Attorney General's public list, obtain consent for sensitive data and for processing minors' data for targeted advertising, and complete data protection assessments for higher-risk processing.",mandatory,no,privacy notice|data inventory|records of processing|data protection assessments|processor contracts (DPAs)|consumer rights request log|opt-out and preference-signal configuration|consent records for sensitive data,continuous; assessments refreshed on material change,"Violations are deceptive trade practices enforceable by the Attorney General and district attorneys under the Colorado Consumer Protection Act, which provides civil penalties of up to 20,000 US dollars per violation; there is no private right of action.",ccpa-cpra|vcdpa|ctdpa|co-admt-act|gdpr,"No control families; obligations are organized around notices, consumer rights, sensitive data, data protection assessments and processor contracts. Detailed Attorney General rules add requirements for universal opt-out mechanisms, consent and data protection assessments; the statutory cure period expired on January 1, 2025.",2026-08-20,https://coag.gov/resources/colorado-privacy-act/|https://coag.gov/app/uploads/2023/03/FINAL-CLEAN-2023.03.15-Official-CPA-Rules.pdf
ctdpa,Connecticut Data Privacy Act,CTDPA; CTDPA as amended,United States - Connecticut,US-State,privacy,law,Connecticut Attorney General,https://portal.ct.gov/ag/sections/privacy/the-connecticut-data-privacy-act,"Comprehensive state privacy law effective July 2023, later amended to broaden scope","Businesses that conduct business in Connecticut or target Connecticut residents and meet the applicability thresholds: controlling or processing personal data of at least 100,000 consumers excluding data processed solely for payment transactions, or at least 25,000 consumers while deriving over 25 percent of gross revenue from the sale of personal data.","Applies to personal data of Connecticut residents acting in an individual or household context; employee and business-to-business contact data are generally excluded, and entity- or data-level exemptions typically cover HIPAA, GLBA and FCRA data. Nonprofits and higher education institutions were exempt originally, and 2025 amendments broaden scope and tighten duties on a later effective date.","Requires a privacy notice and support for consumer rights to access, delete and obtain a portable copy of personal data, plus opt-outs where applicable for targeted advertising, sale of personal data and certain profiling. Sensitive data handling and data protection assessments follow the statute's specific rules. Controllers must use processor contracts with defined duties, and the law took effect on July 1, 2023. Consent is required for sensitive data including consumer health data and for targeted advertising or sale involving minors, and data protection assessments are required for higher-risk processing.",mandatory,no,privacy notice|data inventory|records of processing|data protection assessments|processor contracts (DPAs)|consumer rights request log|opt-out and preference-signal configuration|consent records for sensitive data,continuous; assessments refreshed on material change,"Violations are enforced by the Attorney General as unfair trade practices under CUTPA, which allows civil penalties of up to 5,000 US dollars per willful violation; there is no private right of action.",ccpa-cpra|vcdpa|co-cpa|wa-my-health-my-data|gdpr,"No control families; obligations are organized around notices, consumer rights, sensitive data, data protection assessments and processor contracts. Cure opportunities became discretionary for the Attorney General after December 31, 2024; amendments in 2023 added consumer health data provisions.",2026-08-20,https://portal.ct.gov/ag/sections/privacy/the-connecticut-data-privacy-act|https://www.cga.ct.gov/2022/act/pa/pdf/2022PA-00015-R00SB-00006-PA.pdf
ucpa,Utah Consumer Privacy Act,UCPA; Utah Code Title 13 Chapter 61,United States - Utah,US-State,privacy,law,Utah Legislature; Utah Division of Consumer Protection,https://le.utah.gov/xcode/Title13/Chapter61/13-61.html,Comprehensive but comparatively business-favorable state privacy law effective December 2023,"Businesses that conduct business in Utah or target Utah residents and meet the applicability thresholds: annual revenue of at least 25 million US dollars plus either controlling or processing personal data of 100,000 or more Utah consumers, or deriving over 50 percent of gross revenue from the sale of personal data while controlling or processing data of 25,000 or more consumers.","Applies to personal data of Utah residents acting in an individual or household context; employee and business-to-business contact data are generally excluded, and entity- or data-level exemptions typically cover HIPAA, GLBA and FCRA data. Applies only to controllers or processors with annual revenue of 25 million US dollars or more.","Requires a privacy notice and support for consumer rights to access, delete and obtain a portable copy of personal data, plus opt-outs where applicable for targeted advertising, sale of personal data and certain profiling. Sensitive data handling and data protection assessments follow the statute's specific rules. Controllers must use processor contracts with defined duties, and the law took effect on December 31, 2023. This law is comparatively light: there is no right to correct, no data protection assessment requirement, and sensitive data requires notice and an opportunity to opt out rather than opt-in consent.",mandatory,no,privacy notice|data inventory|records of processing|data protection assessments|processor contracts (DPAs)|consumer rights request log|opt-out and preference-signal configuration|consent records for sensitive data,continuous; assessments refreshed on material change,"Enforced by the Utah Division of Consumer Protection and Attorney General, with actual damages plus civil penalties of up to 7,500 US dollars per violation; there is no private right of action.",ccpa-cpra|vcdpa|ia-cdpa|tdpsa|gdpr,"No control families; obligations are organized around notices, consumer rights, sensitive data, data protection assessments and processor contracts. A 30-day cure period applies and does not sunset.",2026-08-20,https://le.utah.gov/xcode/Title13/Chapter61/13-61.html|https://dcp.utah.gov/
tdpsa,Texas Data Privacy and Security Act,TDPSA; Texas DPSA,United States - Texas,US-State,privacy,law,Texas Attorney General,https://statutes.capitol.texas.gov/Docs/BC/htm/BC.541.htm,"Comprehensive state privacy law codified at Business and Commerce Code chapter 541, with a small-business scope test tied to SBA definitions; effective July 2024","Businesses that conduct business in Texas or target Texas residents and meet the applicability thresholds: conducting business in Texas or selling products or services to Texas residents, processing or engaging in the sale of personal data, and not qualifying as a small business under U.S. Small Business Administration criteria.","Applies to personal data of Texas residents acting in an individual or household context; employee and business-to-business contact data are generally excluded, and entity- or data-level exemptions typically cover HIPAA, GLBA and FCRA data. Applicability is based on business size rather than consumer counts.","Requires a privacy notice and support for consumer rights to access, delete and obtain a portable copy of personal data, plus opt-outs where applicable for targeted advertising, sale of personal data and certain profiling. Sensitive data handling and data protection assessments follow the statute's specific rules. Controllers must use processor contracts with defined duties, and the law took effect on July 1, 2024. Consent is required for sensitive data, controllers that sell sensitive or biometric data must post prescribed notices, and data protection assessments are required for higher-risk processing.",mandatory,no,privacy notice|data inventory|records of processing|data protection assessments|processor contracts (DPAs)|consumer rights request log|opt-out and preference-signal configuration|consent records for sensitive data,continuous; assessments refreshed on material change,"Attorney General enforcement only, with civil penalties of up to 7,500 US dollars per violation plus injunctive relief and attorney fees; there is no private right of action.",ccpa-cpra|vcdpa|ne-ndpa|tx-traiga|gdpr,"No control families; obligations are organized around notices, consumer rights, sensitive data, data protection assessments and processor contracts. A 30-day cure period applies and does not sunset; the Attorney General maintains a public complaint mechanism.",2026-08-20,https://www.texasattorneygeneral.gov/consumer-protection/privacy-and-identity-theft/texas-data-privacy-and-security-act|https://statutes.capitol.texas.gov/Docs/BC/htm/BC.541.htm
or-ocpa,Oregon Consumer Privacy Act,OCPA; Oregon Consumer Privacy Act,United States - Oregon,US-State,privacy,law,Oregon Department of Justice,https://olis.oregonlegislature.gov/liz/2023R1/Measures/Overview/SB619,"Comprehensive state privacy law enacted as SB 619, effective July 2024, including a right to a list of specific third parties","Businesses that conduct business in Oregon or target Oregon residents and meet the applicability thresholds: controlling or processing personal data of at least 100,000 Oregon consumers excluding payment-transaction-only data, or at least 25,000 consumers while deriving 25 percent or more of annual gross revenue from selling personal data.","Applies to personal data of Oregon residents acting in an individual or household context; employee and business-to-business contact data are generally excluded, and entity- or data-level exemptions typically cover HIPAA, GLBA and FCRA data. Nonprofits became covered from July 2025.","Requires a privacy notice and support for consumer rights to access, delete and obtain a portable copy of personal data, plus opt-outs where applicable for targeted advertising, sale of personal data and certain profiling. Sensitive data handling and data protection assessments follow the statute's specific rules. Controllers must use processor contracts with defined duties, and the law took effect on July 1, 2024. Consent is required for sensitive data, consumers may request a list of specific third parties that received their personal data, and data protection assessments are required for higher-risk processing.",mandatory,no,privacy notice|data inventory|records of processing|data protection assessments|processor contracts (DPAs)|consumer rights request log|opt-out and preference-signal configuration|consent records for sensitive data,continuous; assessments refreshed on material change,"Attorney General enforcement only, with civil penalties of up to 7,500 US dollars per violation; there is no private right of action.",ccpa-cpra|co-cpa|mn-cdpa|ctdpa|gdpr,"No control families; obligations are organized around notices, consumer rights, sensitive data, data protection assessments and processor contracts. A 30-day cure period applied through December 31, 2025; consumers also have a right to obtain a list of specific third parties to which their data was disclosed.",2026-08-20,https://www.doj.state.or.us/consumer-protection/privacy-and-data-security/oregon-consumer-privacy-act/|https://olis.oregonlegislature.gov/liz/2023R1/Measures/Overview/SB619
mt-cdpa,Montana Consumer Data Privacy Act,MTCDPA; Montana CDPA; SB 384,United States - Montana,US-State,privacy,law,Montana Legislature; Montana Attorney General,https://leg.mt.gov/bills/mca/title_0300/chapter_0140/part_0280/section_0010/0300-0140-0280-0010.html,"Comprehensive state privacy law codified at MCA 30-14-2801 et seq., effective October 2024 and amended by SB 297 in 2025","Businesses that conduct business in Montana or target Montana residents and meet the applicability thresholds: controlling or processing personal data of at least 50,000 Montana consumers excluding payment-transaction-only data, or at least 25,000 consumers while deriving over 25 percent of gross revenue from the sale of personal data, as amended.","Applies to personal data of Montana residents acting in an individual or household context; employee and business-to-business contact data are generally excluded, and entity- or data-level exemptions typically cover HIPAA, GLBA and FCRA data. Applicability thresholds are among the lowest in the country and were lowered further by 2025 amendments.","Requires a privacy notice and support for consumer rights to access, delete and obtain a portable copy of personal data, plus opt-outs where applicable for targeted advertising, sale of personal data and certain profiling. Sensitive data handling and data protection assessments follow the statute's specific rules. Controllers must use processor contracts with defined duties, and the law took effect on October 1, 2024. Consent is required for sensitive data and for processing known minors' data for targeted advertising or sale, and data protection assessments are required for higher-risk processing.",mandatory,no,privacy notice|data inventory|records of processing|data protection assessments|processor contracts (DPAs)|consumer rights request log|opt-out and preference-signal configuration|consent records for sensitive data,continuous; assessments refreshed on material change,"Attorney General enforcement only under the Montana Unfair Trade Practices Act; there is no private right of action, and the per-violation maximum is set by that consumer protection statute.",ccpa-cpra|vcdpa|ctdpa|nh-privacy-act|gdpr,"No control families; obligations are organized around notices, consumer rights, sensitive data, data protection assessments and processor contracts. The 60-day cure period sunset on April 1, 2026 under the 2025 amendments.",2026-08-20,https://leg.mt.gov/bills/2023/billpdf/SB0384.pdf|https://dojmt.gov/consumer/
fl-fdbr,Florida Digital Bill of Rights,FDBR; Florida SB 262,United States - Florida,US-State,privacy,law,Florida Legislature; Florida Attorney General,https://www.flsenate.gov/Session/Bill/2023/262,Narrow-scope state privacy law targeting very large technology companies plus broader child and sale provisions,"Very large technology companies that make over 1 billion US dollars in global gross annual revenue and meet one of the statute's platform conditions, such as deriving half of revenue from online advertisement sales, operating a smart speaker with virtual assistant, or operating an app store or digital distribution platform with at least 250,000 applications.","Applies to Florida residents' personal data held by covered controllers; separate provisions on sale of sensitive data, children's protections and government-directed content moderation apply more broadly.","Covered controllers must provide notice, honor rights to access, correct, delete and obtain a portable copy, and offer opt-outs for targeted advertising, sale and certain profiling. Consent is required for sensitive data, and additional duties apply to processing of known minors' data. The law also restricts the sale of sensitive data without notice and includes surveillance-device and voice-recognition provisions applying beyond the main revenue threshold.",mandatory,no,privacy notice|consumer rights request log|opt-out mechanism|data protection assessments|processor contracts|consent records for sensitive data,continuous; assessments refreshed on material change,"Enforced by the Florida Attorney General under the Deceptive and Unfair Trade Practices Act, with civil penalties of up to 50,000 US dollars per violation and tripling available for specified violations involving known children; there is no general private right of action.",ccpa-cpra|tdpsa|coppa|gdpr,"No control families; obligations cover notices, rights, opt-outs, sensitive data and minors, plus separate device and moderation provisions. A 45-day cure period applies.",2026-08-20,https://www.flsenate.gov/Session/Bill/2023/262|https://www.myfloridalegal.com/
de-dpdpa,Delaware Personal Data Privacy Act,DPDPA; Delaware PDPA,United States - Delaware,US-State,privacy,law,Delaware General Assembly; Delaware Department of Justice,https://legis.delaware.gov/BillDetail?legislationId=140388,Comprehensive state privacy law effective January 2025 with low applicability thresholds,"Businesses that conduct business in Delaware or target Delaware residents and meet the applicability thresholds: controlling or processing personal data of at least 35,000 Delaware consumers excluding payment-transaction-only data, or at least 10,000 consumers while deriving more than 20 percent of gross revenue from the sale of personal data.","Applies to personal data of Delaware residents acting in an individual or household context; employee and business-to-business contact data are generally excluded, and entity- or data-level exemptions typically cover HIPAA, GLBA and FCRA data. Nonprofits are largely covered, with narrow exceptions.","Requires a privacy notice and support for consumer rights to access, delete and obtain a portable copy of personal data, plus opt-outs where applicable for targeted advertising, sale of personal data and certain profiling. Sensitive data handling and data protection assessments follow the statute's specific rules. Controllers must use processor contracts with defined duties, and the law took effect on January 1, 2025. Consent is required for sensitive data and for targeted advertising or sale involving consumers aged 13 to 17, consumers may request a list of third-party categories, and data protection assessments are required for higher-risk processing.",mandatory,no,privacy notice|data inventory|records of processing|data protection assessments|processor contracts (DPAs)|consumer rights request log|opt-out and preference-signal configuration|consent records for sensitive data,continuous; assessments refreshed on material change,"Department of Justice enforcement only, with penalties available under the state's consumer fraud provisions of up to 10,000 US dollars per violation; there is no private right of action.",ccpa-cpra|nh-privacy-act|md-modpa|ri-dtppa|gdpr,"No control families; obligations are organized around notices, consumer rights, sensitive data, data protection assessments and processor contracts. A 60-day cure period applies through December 31, 2025, after which cure is discretionary.",2026-08-20,https://legis.delaware.gov/BillDetail?legislationId=140388|https://attorneygeneral.delaware.gov/
ia-cdpa,Iowa Consumer Data Protection Act,Iowa CDPA; SF 262,United States - Iowa,US-State,privacy,law,Iowa Legislature; Iowa Attorney General,https://www.legis.iowa.gov/legislation/BillBook?ga=90&ba=SF262,Comprehensive state privacy law effective January 2025; among the least prescriptive state regimes,"Businesses that conduct business in Iowa or target Iowa residents and meet the applicability thresholds: controlling or processing personal data of at least 100,000 Iowa consumers, or at least 25,000 consumers while deriving over 50 percent of gross revenue from the sale of personal data.","Applies to personal data of Iowa residents acting in an individual or household context; employee and business-to-business contact data are generally excluded, and entity- or data-level exemptions typically cover HIPAA, GLBA and FCRA data. This is among the least prescriptive comprehensive state privacy laws.","Requires a privacy notice and support for consumer rights to access, delete and obtain a portable copy of personal data, plus opt-outs where applicable for targeted advertising, sale of personal data and certain profiling. Sensitive data handling and data protection assessments follow the statute's specific rules. Controllers must use processor contracts with defined duties, and the law took effect on January 1, 2025. There is no right to correct and no data protection assessment requirement; sensitive data requires notice and an opportunity to opt out rather than opt-in consent.",mandatory,no,privacy notice|data inventory|records of processing|data protection assessments|processor contracts (DPAs)|consumer rights request log|opt-out and preference-signal configuration|consent records for sensitive data,continuous; assessments refreshed on material change,"Attorney General enforcement only, with civil penalties of up to 7,500 US dollars per violation; there is no private right of action.",ccpa-cpra|ucpa|vcdpa|in-cdpa|gdpr,"No control families; obligations are organized around notices, consumer rights, sensitive data, data protection assessments and processor contracts. A 90-day cure period applies and does not sunset.",2026-08-20,https://www.legis.iowa.gov/legislation/BillBook?ga=90&ba=SF262|https://www.iowaattorneygeneral.gov/
ne-ndpa,Nebraska Data Privacy Act,NDPA; Nebraska LB 1074,United States - Nebraska,US-State,privacy,law,Nebraska Legislature; Nebraska Attorney General,https://nebraskalegislature.gov/bills/view_bill.php?DocumentID=54339,Comprehensive state privacy law effective January 2025 applying to any non-small business under SBA criteria,"Businesses that conduct business in Nebraska or target Nebraska residents and meet the applicability thresholds: conducting business in Nebraska or producing products or services consumed by Nebraska residents, processing or engaging in the sale of personal data, and not being a small business under U.S. Small Business Administration criteria.","Applies to personal data of Nebraska residents acting in an individual or household context; employee and business-to-business contact data are generally excluded, and entity- or data-level exemptions typically cover HIPAA, GLBA and FCRA data. Applicability is based on business size rather than consumer counts.","Requires a privacy notice and support for consumer rights to access, delete and obtain a portable copy of personal data, plus opt-outs where applicable for targeted advertising, sale of personal data and certain profiling. Sensitive data handling and data protection assessments follow the statute's specific rules. Controllers must use processor contracts with defined duties, and the law took effect on January 1, 2025. Consent is required for sensitive data, small businesses must still obtain consent before selling sensitive data, and data protection assessments are required for higher-risk processing.",mandatory,no,privacy notice|data inventory|records of processing|data protection assessments|processor contracts (DPAs)|consumer rights request log|opt-out and preference-signal configuration|consent records for sensitive data,continuous; assessments refreshed on material change,"Attorney General enforcement only, with civil penalties of up to 7,500 US dollars per violation; there is no private right of action.",tdpsa|ccpa-cpra|vcdpa|ia-cdpa|gdpr,"No control families; obligations are organized around notices, consumer rights, sensitive data, data protection assessments and processor contracts. A 30-day cure period applies and does not sunset.",2026-08-20,https://nebraskalegislature.gov/bills/view_bill.php?DocumentID=54339|https://ago.nebraska.gov/
nh-privacy-act,New Hampshire Data Privacy Act,NH SB 255; New Hampshire Privacy Act; RSA 507-H,United States - New Hampshire,US-State,privacy,law,New Hampshire General Court; NH Department of Justice,https://www.gencourt.state.nh.us/rsa/html/lii/507-h/507-h-mrg.htm,"Comprehensive state privacy law effective January 2025, codified at RSA 507-H","Businesses that conduct business in New Hampshire or target New Hampshire residents and meet the applicability thresholds: controlling or processing personal data of at least 35,000 New Hampshire consumers excluding payment-transaction-only data, or at least 10,000 consumers while deriving more than 25 percent of gross revenue from the sale of personal data.","Applies to personal data of New Hampshire residents acting in an individual or household context; employee and business-to-business contact data are generally excluded, and entity- or data-level exemptions typically cover HIPAA, GLBA and FCRA data. Codified at RSA chapter 507-H.","Requires a privacy notice and support for consumer rights to access, delete and obtain a portable copy of personal data, plus opt-outs where applicable for targeted advertising, sale of personal data and certain profiling. Sensitive data handling and data protection assessments follow the statute's specific rules. Controllers must use processor contracts with defined duties, and the law took effect on January 1, 2025. Consent is required for sensitive data, and data protection assessments are required for targeted advertising, sale, certain profiling and sensitive data processing.",mandatory,no,privacy notice|data inventory|records of processing|data protection assessments|processor contracts (DPAs)|consumer rights request log|opt-out and preference-signal configuration|consent records for sensitive data,continuous; assessments refreshed on material change,"Attorney General enforcement only under the state's consumer protection framework; there is no private right of action, and the per-violation maximum is set by that statute.",de-dpdpa|ccpa-cpra|ctdpa|md-modpa|gdpr,"No control families; obligations are organized around notices, consumer rights, sensitive data, data protection assessments and processor contracts. A 60-day cure period applied through December 31, 2025, after which cure is discretionary; the Secretary of State may set privacy notice standards.",2026-08-20,https://www.gencourt.state.nh.us/rsa/html/lii/507-h/507-h-mrg.htm|https://www.doj.nh.gov/
nj-djpa,New Jersey Data Privacy Act,NJDPA; New Jersey S332,United States - New Jersey,US-State,privacy,law,New Jersey Division of Consumer Affairs; NJ Attorney General,https://www.njconsumeraffairs.gov/dpa,Comprehensive state privacy law effective January 2025 with rulemaking authority for the Division of Consumer Affairs,"Businesses that conduct business in New Jersey or target New Jersey residents and meet the applicability thresholds: controlling or processing personal data of at least 100,000 New Jersey consumers excluding payment-transaction-only data, or at least 25,000 consumers while deriving revenue or receiving a benefit from the sale of personal data.","Applies to personal data of New Jersey residents acting in an individual or household context; employee and business-to-business contact data are generally excluded, and entity- or data-level exemptions typically cover HIPAA, GLBA and FCRA data. The Division of Consumer Affairs has rulemaking authority to add detail.","Requires a privacy notice and support for consumer rights to access, delete and obtain a portable copy of personal data, plus opt-outs where applicable for targeted advertising, sale of personal data and certain profiling. Sensitive data handling and data protection assessments follow the statute's specific rules. Controllers must use processor contracts with defined duties, and the law took effect on January 15, 2025. Consent is required for sensitive data, for selling data or targeted advertising involving consumers aged 13 to 16, and controllers must honor universal opt-out mechanisms and complete data protection assessments.",mandatory,no,privacy notice|data inventory|records of processing|data protection assessments|processor contracts (DPAs)|consumer rights request log|opt-out and preference-signal configuration|consent records for sensitive data,continuous; assessments refreshed on material change,"Attorney General and Division of Consumer Affairs enforcement under the Consumer Fraud Act, which provides penalties of up to 10,000 US dollars for a first violation and 20,000 US dollars for subsequent violations; there is no private right of action.",ccpa-cpra|co-cpa|ctdpa|md-modpa|gdpr,"No control families; obligations are organized around notices, consumer rights, sensitive data, data protection assessments and processor contracts. A 30-day cure period applied for the first 18 months after the effective date; controllers must recognize universal opt-out mechanisms.",2026-08-20,https://www.njoag.gov/about/divisions-and-offices/division-of-consumer-affairs-home/division-of-consumer-affairs-data-privacy/|https://pub.njleg.gov/bills/2022/PL23/266_.PDF
tn-tipa,Tennessee Information Protection Act,TIPA; Tennessee HB 1181,United States - Tennessee,US-State,privacy,law,Tennessee General Assembly; Tennessee Attorney General,https://www.capitol.tn.gov/Bills/113/Bill/HB1181.pdf,Comprehensive state privacy law effective July 2025; offers an affirmative defense for NIST Privacy Framework alignment,"Businesses that conduct business in Tennessee or target Tennessee residents and meet the applicability thresholds: revenue exceeding 25 million US dollars plus either controlling or processing personal data of at least 175,000 Tennessee consumers, or at least 25,000 consumers while deriving more than 50 percent of gross revenue from the sale of personal data.","Applies to personal data of Tennessee residents acting in an individual or household context; employee and business-to-business contact data are generally excluded, and entity- or data-level exemptions typically cover HIPAA, GLBA and FCRA data. Applies only to controllers and processors with more than 25 million US dollars in revenue.","Requires a privacy notice and support for consumer rights to access, delete and obtain a portable copy of personal data, plus opt-outs where applicable for targeted advertising, sale of personal data and certain profiling. Sensitive data handling and data protection assessments follow the statute's specific rules. Controllers must use processor contracts with defined duties, and the law took effect on July 1, 2025. Consent is required for sensitive data, data protection assessments are required for higher-risk processing, and maintaining a NIST Privacy Framework-aligned program provides an affirmative defense.",mandatory,no,privacy notice|data inventory|records of processing|data protection assessments|processor contracts (DPAs)|consumer rights request log|opt-out and preference-signal configuration|consent records for sensitive data,continuous; assessments refreshed on material change,"Attorney General enforcement only, with civil penalties of up to 7,500 US dollars per violation and treble damages available for willful or knowing violations; there is no private right of action.",ccpa-cpra|nist-privacy-framework|vcdpa|ky-cdpa|gdpr,"No control families; obligations are organized around notices, consumer rights, sensitive data, data protection assessments and processor contracts. A 60-day cure period applies, and the statute provides an affirmative defense for controllers and processors that maintain a written privacy program reasonably conforming to the NIST Privacy Framework.",2026-08-20,https://www.capitol.tn.gov/Bills/113/Bill/HB1181.pdf|https://www.tn.gov/attorneygeneral.html
mn-cdpa,Minnesota Consumer Data Privacy Act,MCDPA; Minnesota Statutes Chapter 325M,United States - Minnesota,US-State,privacy,law,Minnesota Legislature; Minnesota Attorney General,https://www.revisor.mn.gov/statutes/cite/325M,"Comprehensive state privacy law codified at Minn. Stat. ch. 325M, effective July 2025, adding profiling-specific consumer rights","Businesses that conduct business in Minnesota or target Minnesota residents and meet the applicability thresholds: controlling or processing personal data of at least 100,000 Minnesota consumers excluding payment-transaction-only data, or at least 25,000 consumers while deriving over 25 percent of gross revenue from the sale of personal data.","Applies to personal data of Minnesota residents acting in an individual or household context; employee and business-to-business contact data are generally excluded, and entity- or data-level exemptions typically cover HIPAA, GLBA and FCRA data. Codified at Minnesota Statutes chapter 325O; small businesses are largely exempt.","Requires a privacy notice and support for consumer rights to access, delete and obtain a portable copy of personal data, plus opt-outs where applicable for targeted advertising, sale of personal data and certain profiling. Sensitive data handling and data protection assessments follow the statute's specific rules. Controllers must use processor contracts with defined duties, and the law took effect on July 31, 2025. Controllers must maintain a data inventory, and consumers can question the result of profiling in furtherance of a decision with legal or similarly significant effects, review data used, and obtain a list of specific third parties that received their data.",mandatory,no,privacy notice|data inventory|records of processing|data protection assessments|processor contracts (DPAs)|consumer rights request log|opt-out and preference-signal configuration|consent records for sensitive data,continuous; assessments refreshed on material change,"Attorney General enforcement only, with civil penalties of up to 7,500 US dollars per violation; there is no private right of action.",ccpa-cpra|or-ocpa|co-cpa|md-modpa|gdpr,"No control families; obligations are organized around notices, consumer rights, sensitive data, data protection assessments and processor contracts. A 30-day cure period applied through January 31, 2026; the law also requires a documented data inventory and gives consumers profiling-specific rights.",2026-08-20,https://www.revisor.mn.gov/statutes/cite/325O|https://www.ag.state.mn.us/
md-modpa,Maryland Online Data Privacy Act,MODPA; Maryland SB 541,United States - Maryland,US-State,privacy,law,Maryland General Assembly; Maryland Attorney General,https://mgaleg.maryland.gov/mgawebsite/Legislation/Details/sb0541?ys=2024RS,Comprehensive state privacy law effective October 2025 with strict data minimization and sensitive data sale ban,"Businesses that conduct business in Maryland or target Maryland residents and meet the applicability thresholds: controlling or processing personal data of at least 35,000 Maryland consumers excluding payment-transaction-only data, or at least 10,000 consumers while deriving more than 20 percent of gross revenue from the sale of personal data.","Applies to personal data of Maryland residents acting in an individual or household context; employee and business-to-business contact data are generally excluded, and entity- or data-level exemptions typically cover HIPAA, GLBA and FCRA data. This law imposes the strictest data minimization standard among U.S. state privacy laws.","Requires a privacy notice and support for consumer rights to access, delete and obtain a portable copy of personal data, plus opt-outs where applicable for targeted advertising, sale of personal data and certain profiling. Sensitive data handling and data protection assessments follow the statute's specific rules. Controllers must use processor contracts with defined duties, and the law took effect on October 1, 2025. Collection is limited to what is reasonably necessary to provide the specific product or service requested, sale of sensitive data is prohibited, and targeted advertising or sale of data of consumers under 18 is prohibited.",mandatory,no,privacy notice|data inventory|records of processing|data protection assessments|processor contracts (DPAs)|consumer rights request log|opt-out and preference-signal configuration|consent records for sensitive data,continuous; assessments refreshed on material change,"Attorney General enforcement as an unfair or deceptive trade practice, with civil penalties of up to 10,000 US dollars per violation and up to 25,000 US dollars for repeat violations; there is no private right of action.",ccpa-cpra|de-dpdpa|nh-privacy-act|mn-cdpa|gdpr,"No control families; obligations are organized around notices, consumer rights, sensitive data, data protection assessments and processor contracts. There is no general cure period after the initial transition; obligations include a strict necessity standard for collection and processing.",2026-08-20,https://mgaleg.maryland.gov/mgawebsite/Legislation/Details/sb0541?ys=2024RS|https://www.marylandattorneygeneral.gov/
in-cdpa,Indiana Consumer Data Protection Act,Indiana CDPA; SB 5,United States - Indiana,US-State,privacy,law,Indiana General Assembly; Indiana Attorney General,https://iga.in.gov/legislative/2023/bills/senate/5/details,Comprehensive state privacy law effective January 2026,"Businesses that conduct business in Indiana or target Indiana residents and meet the applicability thresholds: controlling or processing personal data of at least 100,000 Indiana consumers, or at least 25,000 consumers while deriving more than 50 percent of gross revenue from the sale of personal data.","Applies to personal data of Indiana residents acting in an individual or household context; employee and business-to-business contact data are generally excluded, and entity- or data-level exemptions typically cover HIPAA, GLBA and FCRA data. Closely modeled on the Virginia statute.","Requires a privacy notice and support for consumer rights to access, delete and obtain a portable copy of personal data, plus opt-outs where applicable for targeted advertising, sale of personal data and certain profiling. Sensitive data handling and data protection assessments follow the statute's specific rules. Controllers must use processor contracts with defined duties, and the law took effect on January 1, 2026. Consent is required for sensitive data, and data protection assessments are required for targeted advertising, sale, certain profiling and sensitive data processing.",mandatory,no,privacy notice|data inventory|records of processing|data protection assessments|processor contracts (DPAs)|consumer rights request log|opt-out and preference-signal configuration|consent records for sensitive data,continuous; assessments refreshed on material change,"Attorney General enforcement only, with civil penalties of up to 7,500 US dollars per violation; there is no private right of action.",ccpa-cpra|vcdpa|ky-cdpa|ia-cdpa|gdpr,"No control families; obligations are organized around notices, consumer rights, sensitive data, data protection assessments and processor contracts. A 30-day cure period applies and does not sunset.",2026-08-20,https://iga.in.gov/legislative/2023/bills/senate/5/details|https://www.in.gov/attorneygeneral/
ky-cdpa,Kentucky Consumer Data Protection Act,Kentucky CDPA; HB 15,United States - Kentucky,US-State,privacy,law,Kentucky General Assembly; Kentucky Attorney General,https://apps.legislature.ky.gov/record/24rs/hb15.html,Comprehensive state privacy law effective January 2026,"Businesses that conduct business in Kentucky or target Kentucky residents and meet the applicability thresholds: controlling or processing personal data of at least 100,000 Kentucky consumers, or at least 25,000 consumers while deriving more than 50 percent of gross revenue from the sale of personal data.","Applies to personal data of Kentucky residents acting in an individual or household context; employee and business-to-business contact data are generally excluded, and entity- or data-level exemptions typically cover HIPAA, GLBA and FCRA data. Closely modeled on the Virginia statute.","Requires a privacy notice and support for consumer rights to access, delete and obtain a portable copy of personal data, plus opt-outs where applicable for targeted advertising, sale of personal data and certain profiling. Sensitive data handling and data protection assessments follow the statute's specific rules. Controllers must use processor contracts with defined duties, and the law took effect on January 1, 2026. Consent is required for sensitive data, and data protection assessments are required for targeted advertising, sale, certain profiling and sensitive data processing.",mandatory,no,privacy notice|data inventory|records of processing|data protection assessments|processor contracts (DPAs)|consumer rights request log|opt-out and preference-signal configuration|consent records for sensitive data,continuous; assessments refreshed on material change,"Attorney General enforcement only, with civil penalties of up to 7,500 US dollars per violation; there is no private right of action.",ccpa-cpra|vcdpa|in-cdpa|tn-tipa|gdpr,"No control families; obligations are organized around notices, consumer rights, sensitive data, data protection assessments and processor contracts. A 30-day cure period applies and does not sunset.",2026-08-20,https://apps.legislature.ky.gov/record/24rs/hb15.html|https://www.ag.ky.gov/
ri-dtppa,Rhode Island Data Transparency and Privacy Protection Act,RIDTPPA; Rhode Island H 7787,United States - Rhode Island,US-State,privacy,law,Rhode Island General Assembly; RI Attorney General,https://webserver.rilegislature.gov/BillText24/HouseText24/H7787A.pdf,Comprehensive state privacy law effective January 2026 with notably low applicability thresholds,"Businesses that conduct business in Rhode Island or target Rhode Island residents and meet the applicability thresholds: controlling or processing personal data of at least 35,000 Rhode Island customers, or at least 10,000 customers while deriving more than 20 percent of gross revenue from the sale of personal data.","Applies to personal data of Rhode Island residents acting in an individual or household context; employee and business-to-business contact data are generally excluded, and entity- or data-level exemptions typically cover HIPAA, GLBA and FCRA data. Applicability thresholds are among the lowest, and the notice duties are unusually specific.","Requires a privacy notice and support for consumer rights to access, delete and obtain a portable copy of personal data, plus opt-outs where applicable for targeted advertising, sale of personal data and certain profiling. Sensitive data handling and data protection assessments follow the statute's specific rules. Controllers must use processor contracts with defined duties, and the law took effect on January 1, 2026. In addition to standard rights and opt-outs, controllers must name the third parties to which personal data has been or may be sold in the privacy notice, and consent is required for sensitive data.",mandatory,no,privacy notice|data inventory|records of processing|data protection assessments|processor contracts (DPAs)|consumer rights request log|opt-out and preference-signal configuration|consent records for sensitive data,continuous; assessments refreshed on material change,"Attorney General enforcement only, with penalties of up to 10,000 US dollars per intentional disclosure violation as specified in the statute; there is no private right of action.",ccpa-cpra|de-dpdpa|md-modpa|nh-privacy-act|gdpr,"No control families; obligations are organized around notices, consumer rights, sensitive data, data protection assessments and processor contracts. The statute requires controllers that sell personal data or process it for targeted advertising to identify in the privacy notice all third parties to which data has been or may be sold.",2026-08-20,https://webserver.rilegislature.gov/BillText24/HouseText24/H7787A.pdf|https://riag.ri.gov/
nydfs-500,NYDFS Cybersecurity Regulation,23 NYCRR 500; NYDFS Part 500,United States - New York,US-State,financial,regulation,New York State Department of Financial Services,https://www.dfs.ny.gov/industry_guidance/cybersecurity,"Cybersecurity program, CISO, MFA, and reporting requirements for NYDFS-covered financial entities","Entities operating under a New York banking, insurance or financial services license or registration, with tiered relief for small covered entities and additional duties for Class A companies.","Covers the covered entity's information systems and nonpublic information, including systems operated by affiliates and third-party service providers.","Requires a written cybersecurity program and policy approved by the board or senior governing body, a qualified CISO reporting at least annually, risk assessments, multi-factor authentication for all remote and privileged access, asset inventories, encryption, incident response and business continuity plans, and a written third-party service provider policy. Cybersecurity events must be reported to the Department within 72 hours and extortion payments within 24 hours, with an annual notice of compliance filed by April 15. Class A companies must obtain independent audits and implement additional controls such as privileged access management and endpoint detection and response.",mandatory,sometimes,cybersecurity policy|risk assessment|CISO annual report|asset inventory|MFA configuration evidence|penetration test and vulnerability scan reports|incident reports|annual certification of compliance|vendor due diligence records,"annual certification, annual penetration testing and at least biannual vulnerability assessments","Enforcement under New York Banking, Insurance and Financial Services Law, with per-violation penalties and consent orders that have reached multi-million-dollar settlements; each day of non-compliance can be treated as a separate violation.",glba-safeguards|dora|iso27001|soc2|ffiec-it-handbook,"Sections 500.1 to 500.24 cover program, policy, CISO, testing, audit trails, access, application security, risk assessment, personnel, third parties, MFA, retention, monitoring, encryption, incident response and notification.",2026-08-20,https://www.dfs.ny.gov/industry_guidance/cybersecurity|https://www.dfs.ny.gov/system/files/documents/2023/10/rf_fs_2amend23NYCRR500_text_20231101.pdf
co-admt-act,Colorado Automated Decision-Making Technology Act,Colorado AI Act; SB 24-205; SB 26-189; ADMT Act,United States - Colorado,US-State,ai,law,Colorado General Assembly; Colorado Attorney General,https://coag.gov/ai/,"SB 24-205 (Colorado AI Act) was repealed and reenacted by SB 26-189 as the ADMT Act, effective January 1, 2027","Developers and deployers of automated decision-making or high-risk artificial intelligence systems that affect Colorado residents in consequential decisions such as employment, lending, housing, insurance, education and health care.","Covers automated decision-making technology used in consequential decisions concerning Colorado consumers, with duties allocated between developers and deployers.","The original Colorado AI Act, SB 24-205, imposed reasonable-care duties to avoid algorithmic discrimination, including impact assessments, risk management programs, consumer notices and disclosures to the Attorney General. It was repealed and reenacted by SB 26-189 as the Automated Decision-Making Technology Act, with an effective date of January 1, 2027, so implementing detail and rulemaking are still developing. Organizations should track the reenacted statute's final obligations before building controls.",mandatory,no,AI and ADMT system inventory|impact assessments|risk management program documentation|consumer notices|incident and discrimination reporting records,unknown pending implementation of the reenacted statute,"Exclusive Attorney General enforcement, historically as a deceptive trade practice under the Colorado Consumer Protection Act with no private right of action; specific penalty amounts under the reenacted ADMT Act are unknown.",co-cpa|eu-ai-act|tx-traiga|nyc-ll144,Duties are split between developers and deployers rather than organized into control families; details depend on the reenacted statute and any rules.,2026-08-20,https://coag.gov/ai/|https://leg.colorado.gov/bills/sb24-205
tx-traiga,Texas Responsible Artificial Intelligence Governance Act,TRAIGA; Texas HB 149,United States - Texas,US-State,ai,law,Texas Legislature; Texas Attorney General,https://capitol.texas.gov/billlookup/BillSummary.aspx?Bill=HB149&LegSess=89R,"Texas AI governance law effective January 1, 2026 covering prohibited uses, disclosures, sandbox, and AI Council","Persons developing or deploying artificial intelligence systems in Texas, with specific additional duties for state agencies and for health care and biometric use cases.","Covers AI systems developed, marketed, distributed or deployed in Texas, focused on prohibited intentional uses rather than general risk tiering.","Prohibits developing or deploying AI with intent to unlawfully discriminate, incite self-harm or crime, produce certain unlawful sexual content, or infringe constitutional rights, and restricts government use for social scoring and certain biometric identification. Government agencies must disclose AI interactions with consumers, and health care providers must disclose AI use in treatment. The Attorney General has exclusive enforcement with a 60-day cure period, and the law creates a regulatory sandbox and an AI Council, effective January 1, 2026.",mandatory,no,AI system inventory|intent and use-case documentation|consumer and patient disclosures|risk assessments|training records|sandbox application where used,continuous; no fixed reassessment cadence in the statute,"Attorney General enforcement with civil penalties in statutory ranges, reported as 10,000 to 12,000 US dollars per curable violation and 80,000 to 200,000 US dollars per uncurable violation, plus daily penalties for continuing violations; there is no private right of action.",tdpsa|eu-ai-act|co-admt-act,"No control families; obligations are organized around prohibited intents, disclosure duties, sandbox participation and government-specific restrictions.",2026-08-20,https://capitol.texas.gov/billlookup/BillSummary.aspx?Bill=HB149&LegSess=89R|https://www.texasattorneygeneral.gov/
sox,Sarbanes-Oxley Act,SOX; SOX 404; ITGC requirements,United States,US,financial,law,US Congress; SEC; PCAOB,https://www.govinfo.gov/app/details/PLAW-107publ204,Financial reporting integrity law driving IT general controls for public companies and IPO candidates,"U.S. public companies, their officers and auditors, plus late-stage private companies preparing for an IPO or acquisition by a public filer.","Covers internal control over financial reporting, including the IT general controls and application controls supporting financially relevant systems.","Requires management assertions on disclosure controls under Section 302 and on internal control over financial reporting under Section 404, with auditor attestation for accelerated filers. In IT terms this drives documented IT general controls over access management, change management, IT operations and program development for in-scope systems. Deficiencies are evaluated and, where material, disclosed as significant deficiencies or material weaknesses.",mandatory,yes,ITGC narratives and process flows|access provisioning and review records|change tickets and approvals|segregation of duties matrix|control testing workpapers|management assertions|auditor reports,"annual, with quarterly evaluation of disclosure controls","Criminal penalties for knowingly false certifications of up to 5 million US dollars and 20 years imprisonment, plus SEC enforcement, restatements and delisting consequences.",soc1|sec-cyber-disclosure|iso27001|finra-rules,No official control catalog; programs typically use the COSO 2013 framework with COBIT-aligned IT general control domains.,2026-08-20,https://www.govinfo.gov/app/details/PLAW-107publ204|https://pcaobus.org/oversight/standards/auditing-standards
glba-safeguards,Gramm-Leach-Bliley Act and FTC Safeguards Rule,GLBA; FTC Safeguards Rule; 16 CFR Part 314,United States,US,financial,regulation,US Federal Trade Commission,https://www.ftc.gov/legal-library/browse/rules/safeguards-rule,Written information security program requirements for non-bank financial institutions under FTC jurisdiction,"Non-bank financial institutions under FTC jurisdiction, including many fintechs, lenders, mortgage brokers, auto dealers, tax preparers and finders, plus banks under parallel interagency rules.","Covers customer information handled by a financial institution, including information received about another institution's customers.","Requires a written information security program with a designated qualified individual, a written risk assessment, and specific safeguards including access controls, data inventory, encryption in transit and at rest, secure development practices, multi-factor authentication, disposal, change management and activity monitoring. Institutions must test controls through continuous monitoring or annual penetration testing plus biannual vulnerability assessments, oversee service providers, maintain an incident response plan, and provide an annual written report to the board. Since 2024 they must notify the FTC within 30 days of discovering a security event involving unencrypted customer information of 500 or more consumers, and GLBA privacy notice rules apply separately.",mandatory,no,written information security program|risk assessment|qualified individual designation|penetration test and vulnerability scan reports|MFA evidence|data inventory|vendor oversight records|incident response plan|annual board report|privacy notices,"annual penetration test and board report, with vulnerability assessments at least every six months","FTC civil penalties per violation adjusted annually for inflation, currently exceeding 50,000 US dollars per violation, plus consent orders with multi-year compliance obligations.",nydfs-500|pci-dss|soc2|ffiec-it-handbook|fcra,"16 CFR Part 314 elements: program, qualified individual, risk assessment, eight safeguard categories, testing, personnel, service providers, evaluation, incident response and reporting.",2026-08-20,https://www.ftc.gov/legal-library/browse/rules/safeguards-rule|https://www.ecfr.gov/current/title-16/chapter-I/subchapter-C/part-314
bsa-aml,Bank Secrecy Act / Anti-Money Laundering,BSA; AML; 31 CFR Chapter X,United States,US,financial,law,US Financial Crimes Enforcement Network (FinCEN),https://www.fincen.gov/resources/statutes-and-regulations/bank-secrecy-act,"AML program, KYC, recordkeeping, and suspicious activity reporting obligations for covered financial institutions","Banks, credit unions, money services businesses, broker-dealers, casinos and other financial institutions defined in the regulations, including many crypto and payments firms registered as MSBs.",Covers financial transactions and customer relationships subject to the Bank Secrecy Act and FinCEN regulations in 31 CFR Chapter X.,"Requires a risk-based AML and countering the financing of terrorism program with internal controls, a designated compliance officer, training, independent testing and customer due diligence including beneficial ownership identification. Institutions must file suspicious activity reports, generally within 30 days of detection, currency transaction reports for cash transactions above 10,000 US dollars, and maintain records including funds transfer and travel rule information. Sanctions screening under OFAC rules operates in parallel.",mandatory,yes,AML program policy|risk assessment|CIP and beneficial ownership records|SAR and CTR filings|independent testing report|training records|sanctions screening logs,"annual training and periodic independent testing, commonly annual","Civil money penalties per violation with substantially higher amounts for willful violations, criminal penalties up to 500,000 US dollars and 10 years imprisonment for willful program violations, and enforcement actions restricting business.",finra-rules|ffiec-it-handbook|fcra,"Programs are commonly organized around the five pillars: internal controls, compliance officer, training, independent testing and customer due diligence.",2026-08-20,https://www.fincen.gov/resources/statutes-regulations|https://bsaaml.ffiec.gov/manual
finra-rules,FINRA Rules,FINRA Rulebook; FINRA 4511 recordkeeping; SEA Rule 17a-4,United States,US,financial,regulation,Financial Industry Regulatory Authority,https://www.finra.org/rules-guidance/rulebooks/finra-rules,"Self-regulatory rulebook for US broker-dealers covering supervision, recordkeeping, and communications retention","FINRA member broker-dealers and their associated persons, plus technology vendors supporting their recordkeeping and communications.","Covers member firms' business activities, supervision, communications, books and records, and customer protection obligations.","Requires written supervisory procedures and a supervisory system, review and approval of communications with the public, and preservation of books and records including electronic communications. SEA Rule 17a-4 permits electronic records preservation using either a write-once read-many format or an audit-trail alternative, with a designated third party or executive access undertaking. Firms must also meet cybersecurity, business continuity and customer identification expectations examined by FINRA.",mandatory,yes,written supervisory procedures|communications review records|archived electronic communications with retention configuration|audit-trail or WORM attestation|business continuity plan|examination responses,"continuous; retention periods are generally 3 to 6 years depending on record type, with annual supervisory reviews","FINRA disciplinary sanctions including fines, restitution, suspension, bar or expulsion, alongside SEC enforcement for rule violations.",sox|bsa-aml|mifid2|sec-cyber-disclosure,"Rulebook organized into conduct, supervision, financial and operational, and trading rules, with recordkeeping requirements in FINRA 4511 and SEA Rules 17a-3 and 17a-4.",2026-08-20,https://www.finra.org/rules-guidance/rulebooks/finra-rules|https://www.finra.org/rules-guidance/key-topics/books-records
sec-cyber-disclosure,SEC Cybersecurity Disclosure Rules,Item 1.05 Form 8-K; Regulation S-K Item 106,United States,US,financial,regulation,US Securities and Exchange Commission,https://www.sec.gov/newsroom/press-releases/2023-139,Requires public companies to disclose material cybersecurity incidents and describe risk management and governance,U.S. public companies and certain foreign private issuers subject to SEC reporting.,"Applies to registrants' disclosure of material cybersecurity incidents and of cybersecurity risk management, strategy and governance.","Requires disclosure of a material cybersecurity incident on Form 8-K Item 1.05 generally within four business days of determining materiality, with limited national security delays. Annual reports must describe processes for assessing, identifying and managing cybersecurity risks plus board and management oversight under Regulation S-K Item 106. Foreign private issuers report comparable information on Forms 6-K and 20-F.",mandatory,no,incident materiality assessment|Form 8-K Item 1.05 filing|Item 106 disclosure|board minutes|incident response plan|disclosure controls documentation,continuous; annual disclosure in periodic reports,"SEC enforcement for disclosure failures, including civil penalties, plus securities litigation exposure; amounts are case-specific.",sox|nist-csf|soc2,Implemented through Regulation S-K Item 106 and Form 8-K Item 1.05 rather than a technical control catalog.,2026-08-20,https://www.sec.gov/rules-regulations/2023/07/33-11216|https://www.sec.gov/newsroom/press-releases/2023-139
ffiec-it-handbook,FFIEC IT Examination Handbook,FFIEC IT Handbook; FFIEC Information Security Booklet,United States,US,financial,guidance,Federal Financial Institutions Examination Council,https://ithandbook.ffiec.gov/,Interagency examination guidance used by US banking regulators for IT and information security,"U.S. banks, credit unions and their technology service providers examined by the federal banking agencies.","Covers IT governance, information security, business continuity, outsourcing, development and acquisition, and related examination areas.","Provides examination procedures and expectations that institutions use to structure IT risk management, information security programs, resilience and third-party risk. Technology service providers can be examined directly under the Bank Service Company Act. It is supervisory guidance rather than a regulation, but findings drive mandatory remediation.",mixed,sometimes,information security program|IT risk assessment|business continuity and resilience test results|vendor management documentation|board reporting|examination response and remediation plans,examination cycles are typically every 12 to 18 months depending on institution size and risk,"No direct fine; examiners issue matters requiring attention or enforcement actions that can escalate to formal agreements, civil money penalties or restrictions on activities.",glba-safeguards|nydfs-500|iso27001|soc2,"Booklets covering areas such as information security, business continuity management, outsourcing technology services, architecture and operations, and development and acquisition.",2026-08-20,https://ithandbook.ffiec.gov/|https://www.ffiec.gov/
hipaa,Health Insurance Portability and Accountability Act,HIPAA; HIPAA Privacy Rule; HIPAA Security Rule; Breach Notification Rule,United States,US,healthcare,law,"US Department of Health and Human Services, Office for Civil Rights",https://www.hhs.gov/hipaa/index.html,US health privacy and security regime applying to covered entities and business associates,"Covered entities such as health plans, health care clearinghouses and most health care providers, and business associates including many SaaS vendors that handle protected health information.","Covers protected health information created, received, maintained or transmitted by covered entities and business associates, including electronic PHI.","The Privacy Rule limits uses and disclosures of PHI and grants individual rights of access, amendment and accounting of disclosures. The Security Rule requires administrative, physical and technical safeguards supported by a risk analysis and risk management process, workforce training, contingency planning and audit controls. The Breach Notification Rule requires notice to affected individuals and HHS, generally within 60 days, and business associate agreements are required before PHI is shared with vendors.",mandatory,no,risk analysis|policies and procedures|business associate agreements|workforce training records|access logs and audit controls|encryption evidence|contingency plan and test results|breach risk assessments and notifications,continuous; risk analysis reviewed at least annually and on material change,"Civil money penalties in four tiers based on culpability, with per-violation minimums and annual caps adjusted for inflation, reaching over 2 million US dollars per year for willful neglect that is not corrected; criminal penalties reach 250,000 US dollars and 10 years imprisonment.",hitech|hitrust-csf|soc2|us-42-cfr-part-2|nist-csf,"Security Rule standards and implementation specifications, some required and some addressable, grouped into administrative, physical and technical safeguards plus organizational requirements.",2026-08-20,https://www.hhs.gov/hipaa/index.html|https://www.ecfr.gov/current/title-45/subtitle-A/subchapter-C/part-164
hitech,HITECH Act,Health Information Technology for Economic and Clinical Health Act,United States,US,healthcare,law,US Department of Health and Human Services,https://www.hhs.gov/hipaa/for-professionals/special-topics/hitech-act-enforcement-interim-final-rule/index.html,"Strengthened HIPAA enforcement, breach notification, and business associate liability","The same covered entities and business associates as HIPAA, with business associates directly liable for specified requirements.","Covers electronic health information practices, breach notification and enforcement layered onto the HIPAA rules.","Extended direct HIPAA liability to business associates, established the tiered civil money penalty structure and mandatory breach notification, and strengthened enforcement including state attorney general authority. Its 2021 amendment requires HHS to consider an entity's recognized security practices maintained for the prior twelve months when determining penalties and audit outcomes. Implementation is largely through the HIPAA Omnibus Rule.",mandatory,no,breach notification records|business associate agreements|recognized security practices documentation|risk analysis|training records|policies,continuous; recognized security practices evidenced over a trailing 12-month period,"Tiered HIPAA civil money penalties adjusted annually for inflation, plus state attorney general enforcement with statutory damages and attorney fees.",hipaa|hitrust-csf|nist-csf,No separate control catalog; it modifies HIPAA rules and creates the recognized security practices mitigation pathway.,2026-08-20,https://www.hhs.gov/hipaa/for-professionals/special-topics/hitech-act-enforcement-interim-final-rule/index.html|https://www.hhs.gov/hipaa/for-professionals/privacy/laws-regulations/index.html
fda-21-cfr-11,FDA 21 CFR Part 11,Part 11; electronic records and electronic signatures,United States,US,healthcare,regulation,US Food and Drug Administration,https://www.ecfr.gov/current/title-21/chapter-I/subchapter-A/part-11,Requirements for electronic records and signatures in FDA-regulated environments; foundation of computer system validation,"FDA-regulated organizations and their software suppliers that create, modify, maintain, archive, retrieve or transmit records required by FDA predicate rules in electronic form.","Covers electronic records and electronic signatures used to satisfy FDA predicate rule requirements, in closed and open systems.","Requires validation of systems to ensure accuracy, reliability and consistent intended performance, secure computer-generated time-stamped audit trails, authority checks, and record retention and retrieval throughout the required period. Electronic signatures must be unique, verified, and linked to their records, with certification to the FDA that electronic signatures are legally binding. FDA guidance applies a risk-based approach, with computer software assurance guidance for production and quality system software.",mandatory,sometimes,validation plan and reports|requirements and traceability matrix|audit trail configuration and review records|user access and authority checks|electronic signature certification letter|SOPs|change control records,continuous; periodic review and revalidation on significant change,"No fixed fine schedule; FDA actions include Form 483 observations, warning letters, import alerts, consent decrees, product seizure and injunctions.",us-cgmp|iso13485|eu-mdr|soc2,"Subparts cover general provisions, electronic records including controls for closed and open systems and audit trails, and electronic signature requirements.",2026-08-20,https://www.ecfr.gov/current/title-21/chapter-I/subchapter-A/part-11|https://www.fda.gov/regulatory-information/search-fda-guidance-documents/part-11-electronic-records-electronic-signatures-scope-and-application
us-cgmp,FDA Current Good Manufacturing Practice regulations,cGMP; GxP; 21 CFR Parts 210 and 211,United States,US,healthcare,regulation,US Food and Drug Administration,https://www.fda.gov/drugs/pharmaceutical-quality-resources/current-good-manufacturing-practice-cgmp-regulations,Quality system regulations for drug manufacturing; the GxP family also covers GCP and GLP,"Manufacturers, packagers and processors of drugs and related products, and suppliers of systems supporting regulated manufacturing and quality operations.","Covers the manufacturing, processing, packing and holding of drug products, with parallel GxP regimes for clinical (GCP) and laboratory (GLP) activities.","Requires a quality unit with defined responsibilities, written and approved procedures, validated processes and equipment, controlled documentation and records, deviation and change control, and investigation of failures. Data integrity expectations, including attributable, legible, contemporaneous, original and accurate records, apply to computerized systems. Inspections verify compliance and findings drive corrective action.",mandatory,sometimes,quality manual and SOPs|batch records|validation documentation|deviation and CAPA records|training records|equipment qualification|audit trail reviews,continuous; annual product quality reviews and periodic inspections,"No fixed fine schedule; FDA actions include Form 483 observations, warning letters, import alerts, seizure, injunction and consent decrees, and adulteration findings can carry criminal exposure.",fda-21-cfr-11|iso13485|haccp,"Organized by 21 CFR Part 211 subparts covering organization and personnel, buildings and facilities, equipment, controls, production, laboratory controls and records.",2026-08-20,https://www.fda.gov/drugs/pharmaceutical-quality-resources/current-good-manufacturing-practice-cgmp-regulations|https://www.ecfr.gov/current/title-21/chapter-I/subchapter-C/part-211
us-42-cfr-part-2,42 CFR Part 2,Part 2; substance use disorder patient records confidentiality,United States,US,healthcare,regulation,US Substance Abuse and Mental Health Services Administration,https://www.ecfr.gov/current/title-42/chapter-I/subchapter-A/part-2,"Heightened confidentiality rules for substance use disorder treatment records, aligned toward HIPAA by the CARES Act","Federally assisted substance use disorder treatment programs, and lawful holders of Part 2 records including many health technology vendors.","Covers records of the identity, diagnosis, prognosis or treatment of any patient created by a federally assisted substance use disorder program.","Requires written patient consent for use and disclosure of Part 2 records, with narrow exceptions such as medical emergencies, audits and qualified service organization arrangements. The 2024 final rule aligns Part 2 more closely with HIPAA, permitting a single consent for treatment, payment and health care operations, applying HIPAA breach notification and enforcement, and requiring notices and safeguards against use in legal proceedings. Compliance with the 2024 rule is required by February 16, 2026.",mandatory,no,patient consent forms|qualified service organization agreements|notice to patients|disclosure accounting|redisclosure notices|breach notifications|policies and training records,continuous; consents managed per patient and revisited on change,"Enforcement aligned with HIPAA under the 2024 rule, exposing violations to HIPAA civil money penalties and, for certain disclosures, criminal penalties.",hipaa|hitech|ferpa,"No control families; obligations are structured around consent, redisclosure limits, security of records and prohibitions on use in proceedings.",2026-08-20,https://www.ecfr.gov/current/title-42/chapter-I/subchapter-A/part-2|https://www.samhsa.gov/about-us/who-we-are/laws-regulations/confidentiality-regulations-faqs
eu-mdr,EU Medical Device Regulation,MDR; Regulation (EU) 2017/745,European Union,EU,healthcare,regulation,European Union,https://eur-lex.europa.eu/eli/reg/2017/745/oj,Conformity assessment and post-market requirements for medical devices including software as a medical device,"Manufacturers, authorized representatives, importers and distributors of medical devices placed on the EU market, including standalone software qualifying as a medical device.","Covers medical devices and accessories placed on the EU market, classified as Class I, IIa, IIb or III based on risk.","Requires a quality management system, technical documentation, clinical evaluation, risk management and, for most classes, conformity assessment involving a notified body before CE marking. Manufacturers must register devices and economic operators in EUDAMED, assign Unique Device Identifiers, appoint a person responsible for regulatory compliance, and operate post-market surveillance and vigilance including incident reporting. Software as a medical device must also meet cybersecurity and IEC 62304-style lifecycle expectations reflected in guidance.",mandatory,yes,technical documentation|clinical evaluation report|risk management file|QMS records (ISO 13485)|EU declaration of conformity and CE certificate|post-market surveillance plan and reports|vigilance reports|UDI and EUDAMED registrations,continuous; notified body surveillance audits annually and certificate renewal typically every 5 years,"Penalties are set by member states and must be effective, proportionate and dissuasive; regulators can also suspend or withdraw devices from the market.",eu-ivdr|iso13485|ehds|eu-ai-act,"Structured by device classification rules, general safety and performance requirements in Annex I, and conformity assessment routes in the annexes.",2026-08-20,https://eur-lex.europa.eu/eli/reg/2017/745/oj|https://health.ec.europa.eu/medical-devices-sector_en
eu-ivdr,EU In Vitro Diagnostic Regulation,IVDR; Regulation (EU) 2017/746,European Union,EU,healthcare,regulation,European Union,https://eur-lex.europa.eu/eli/reg/2017/746/oj,Conformity assessment requirements for in vitro diagnostic medical devices,"Manufacturers and other economic operators placing in vitro diagnostic medical devices, including diagnostic software and algorithms, on the EU market.","Covers in vitro diagnostic medical devices classified as Class A, B, C or D based on risk to individuals and public health.","Requires a quality management system, technical documentation, performance evaluation including scientific validity and clinical performance, and notified body conformity assessment for most classes before CE marking. Manufacturers must register in EUDAMED, assign UDIs, appoint a person responsible for regulatory compliance and conduct post-market performance follow-up and vigilance reporting. Transitional provisions extended deadlines for legacy devices depending on class.",mandatory,yes,technical documentation|performance evaluation report|risk management file|QMS records (ISO 13485)|EU declaration of conformity and CE certificate|post-market performance follow-up plan|vigilance reports|UDI and EUDAMED registrations,continuous; notified body surveillance audits annually and certificate renewal typically every 5 years,"Penalties are set by member states and must be effective, proportionate and dissuasive, alongside market withdrawal powers.",eu-mdr|iso13485|ehds,"Classification rules A to D, general safety and performance requirements, and annex-based conformity assessment routes.",2026-08-20,https://eur-lex.europa.eu/eli/reg/2017/746/oj|https://health.ec.europa.eu/medical-devices-sector_en
ehds,European Health Data Space Regulation,EHDS; Regulation (EU) 2025/327,European Union,EU,healthcare,regulation,European Union,https://eur-lex.europa.eu/eli/reg/2025/327/oj,Adopted 11 February 2025; in force 26 March 2025 with phased application from 2027 onward,"Health care providers, health data holders, EHR system manufacturers and secondary users of electronic health data in the EU, including health technology vendors.","Covers primary use of electronic health data for care and secondary use for research, innovation, policy and regulatory purposes, plus EHR system requirements.","Establishes rights for individuals to access and control their electronic health data, obligations for data holders to make defined categories available for secondary use through health data access bodies, and essential requirements for EHR systems including interoperability and logging. Manufacturers of EHR systems must issue declarations of conformity and meet European interoperability and security requirements. The regulation entered into force in March 2025 with obligations phasing in from 2027 onward.",mandatory,sometimes,data holder inventories|data access applications and permits|interoperability documentation|EHR system declaration of conformity|logging and access records|patient information notices,continuous; phased application dates from 2027 through 2031,"Penalties are set by member states, with the regulation also providing for periodic penalty payments in respect of certain secondary-use obligations; amounts vary nationally.",gdpr|eu-mdr|eu-data-act|hipaa,"Structured by chapters on primary use, EHR systems, secondary use and governance rather than a technical control catalog.",2026-08-20,https://eur-lex.europa.eu/eli/reg/2025/327/oj|https://health.ec.europa.eu/ehealth-digital-health-and-care/european-health-data-space_en
gdpr,General Data Protection Regulation,GDPR; Regulation (EU) 2016/679,European Union,EU,privacy,regulation,European Union; enforced by national DPAs and the EDPB,https://eur-lex.europa.eu/eli/reg/2016/679/oj,EU-wide personal data protection regulation with extraterritorial reach,"Any organization established in the EU or EEA that processes personal data, and non-EU organizations offering goods or services to, or monitoring the behavior of, people in the EU or EEA.","Applies to processing of personal data of individuals in the EU and EEA by controllers and processors, including many non-EU companies with no local entity.","Requires a lawful basis for processing, transparency notices, and support for data subject rights including access, erasure, rectification, portability and objection. Controllers must maintain records of processing, apply data protection by design and by default, sign Article 28 contracts with processors, run DPIAs for high-risk processing and notify personal data breaches to the supervisory authority within 72 hours. Transfers outside the EEA require an adequacy decision, Standard Contractual Clauses or another Chapter V mechanism, and some organizations must appoint a DPO or EU representative.",mandatory,no,privacy notice|records of processing (RoPA)|DPIA|DPA|SCCs|transfer impact assessment|consent records|breach register|training records|subprocessor list,continuous; DPIAs and RoPA reviewed on material change,"Administrative fines up to 20 million euro or 4 percent of total worldwide annual turnover, whichever is higher, for the most serious infringements; a lower tier applies up to 10 million euro or 2 percent.",uk-gdpr-dpa2018|eprivacy-directive|eu-scc|iso27701|swiss-fadp,"No control catalog; obligations are structured by chapters covering principles, rights, controller and processor duties, transfers, supervisory authorities and remedies.",2026-08-20,https://eur-lex.europa.eu/eli/reg/2016/679/oj|https://edpb.europa.eu/edpb_en
uk-gdpr-dpa2018,UK GDPR and Data Protection Act 2018,UK GDPR; DPA 2018,United Kingdom,UK,privacy,law,UK Parliament; Information Commissioner's Office,https://www.legislation.gov.uk/ukpga/2018/12/contents,Post-Brexit UK data protection regime; the DPA 2018 supplements the retained UK GDPR,"Organizations established in the UK that process personal data, and non-UK organizations offering goods or services to, or monitoring, people in the UK.","Applies to processing of UK personal data by controllers and processors, with the Data Protection Act 2018 supplementing the retained UK GDPR and covering law enforcement and intelligence processing.","Mirrors GDPR requirements for lawful basis, transparency, data subject rights, records of processing, DPIAs and 72-hour breach reporting to the ICO. UK international transfers use UK adequacy regulations, the International Data Transfer Agreement or the UK Addendum to the EU SCCs. Certain organizations must pay the ICO data protection fee and may need a UK representative.",mandatory,no,privacy notice|records of processing|DPIA|DPA|IDTA or UK Addendum|transfer risk assessment|breach register|ICO fee registration,continuous; ICO registration fee paid annually,"Fines up to 17.5 million pounds or 4 percent of total worldwide annual turnover, whichever is higher, for the most serious infringements.",gdpr|uk-pecr|eu-scc|iso27701,"Follows the UK GDPR article structure plus DPA 2018 parts covering exemptions, law enforcement and intelligence services processing.",2026-08-20,https://www.legislation.gov.uk/ukpga/2018/12/contents|https://ico.org.uk/for-organisations/uk-gdpr-guidance-and-resources/
eprivacy-directive,ePrivacy Directive,Directive 2002/58/EC; Cookie Directive,European Union,EU,privacy,regulation,European Union,https://eur-lex.europa.eu/legal-content/EN/TXT/?uri=CELEX%3A32002L0058,"Rules on cookies, terminal equipment access, and electronic marketing, implemented by national laws","Operators of websites, apps and electronic communications services targeting users in EU member states, plus direct marketers using electronic channels.","Applies to storing or accessing information on users' terminal equipment, such as cookies and similar technologies, and to electronic direct marketing and confidentiality of communications, as implemented in each member state's national law.","Requires informed consent before non-essential cookies or similar technologies are used, with strictly necessary and communications-transmission exemptions. Electronic direct marketing generally requires prior consent, subject to a limited soft opt-in for existing customers under national implementations. Because it is a directive, exact requirements and enforcement depend on national transpositions and regulators.",mandatory,no,cookie banner and consent records|cookie policy|tracker inventory|consent management platform logs|marketing consent records,continuous; consent typically refreshed periodically per national guidance,Penalties are set by national implementing laws and vary by member state; GDPR fines can also apply where consent failures involve personal data.,gdpr|uk-pecr|ccpa-cpra,"Structured as directive articles on confidentiality, terminal equipment access and unsolicited communications rather than a control catalog.",2026-08-20,https://eur-lex.europa.eu/legal-content/EN/TXT/?uri=CELEX%3A32002L0058|https://edpb.europa.eu/our-work-tools/our-documents/guidelines/guidelines-22023-technical-scope-art-53-eprivacy-directive_en
uk-pecr,Privacy and Electronic Communications Regulations,PECR; UK cookie rules,United Kingdom,UK,privacy,regulation,UK Information Commissioner's Office,https://ico.org.uk/for-organisations/direct-marketing-and-privacy-and-electronic-communications/guide-to-pecr/,"UK implementation of ePrivacy covering cookies, electronic marketing, and communications security",Organizations placing cookies or similar technologies on UK users' devices and those sending electronic marketing to UK recipients.,"Applies to cookies and similar technologies, unsolicited electronic marketing by email, SMS, phone and fax, and security and confidentiality of public electronic communications services in the UK.","Requires clear information and consent for non-essential cookies, with strictly necessary exemptions. Electronic marketing to individuals generally requires consent, with a soft opt-in available for existing customers on similar products with a clear opt-out. The ICO enforces PECR separately from the UK GDPR.",mandatory,no,cookie policy|consent records|tracker inventory|marketing suppression lists|consent management platform logs,continuous; consent refreshed periodically per ICO guidance,"ICO monetary penalties of up to 500,000 pounds under PECR, alongside possible UK GDPR fines where personal data is involved.",uk-gdpr-dpa2018|eprivacy-directive|casl|can-spam,"Regulation-based obligations covering cookies, direct marketing channels and communications security rather than a control catalog.",2026-08-20,https://ico.org.uk/for-organisations/direct-marketing-and-privacy-and-electronic-communications/guide-to-pecr/|https://www.legislation.gov.uk/uksi/2003/2426/contents
eu-scc,EU Standard Contractual Clauses,SCCs; Commission Implementing Decision (EU) 2021/914,European Union,EU,privacy,regulation,European Commission,https://eur-lex.europa.eu/eli/dec_impl/2021/914/oj,Approved transfer mechanism for personal data exports from the EEA to third countries,"Any controller or processor exporting personal data from the EEA to a third country without an adequacy decision, including EEA customers' non-EEA vendors.","Applies to the specific transfer relationships covered by the chosen module: controller to controller, controller to processor, processor to processor or processor to controller.","Parties execute the Commission-approved clauses in the applicable module, complete the annexes describing the transfer, security measures and subprocessors, and perform a transfer impact assessment considering third-country law. Supplementary measures may be required where local law undermines the clauses. The clauses are contractual and cannot be materially altered.",mandatory,no,executed SCCs|transfer impact assessment|Annex I to III documentation|subprocessor list|technical and organizational measures description,reviewed on material change; transfer assessments typically refreshed annually,No separate penalty; unlawful transfers are enforced as GDPR infringements with fines up to 20 million euro or 4 percent of worldwide annual turnover.,gdpr|uk-gdpr-dpa2018|swiss-fadp,"Four modules with annexes covering transfer details, technical and organizational measures and subprocessors.",2026-08-20,https://eur-lex.europa.eu/eli/dec_impl/2021/914/oj|https://commission.europa.eu/law/law-topic/data-protection/international-dimension-data-protection/standard-contractual-clauses-scc_en
nis2,NIS2 Directive,NIS 2; Directive (EU) 2022/2555,European Union,EU,security,regulation,European Union,https://eur-lex.europa.eu/eli/dir/2022/2555/oj,"Cyber risk management, governance, and incident reporting duties for essential and important entities and their suppliers","Medium and large entities in listed critical and important sectors in the EU, plus suppliers that receive flowed-down requirements.","Applies to essential and important entities in covered sectors established or offering services in the EU, as transposed by each member state.","Requires risk management measures covering policies, incident handling, business continuity, supply chain security, vulnerability handling, cryptography and access control. Incident reporting follows a staged timeline with early warning within 24 hours and a notification within 72 hours to the national CSIRT or authority. Management bodies carry approval and training responsibilities, and national transposition determines registration and supervision details.",mandatory,sometimes,risk assessment|security policies|incident reports|business continuity plan|supplier security clauses|training records|management approval evidence,continuous; supervisory audits vary by member state,"For essential entities, administrative fines up to 10 million euro or 2 percent of total worldwide annual turnover; for important entities, up to 7 million euro or 1.4 percent, plus possible management liability.",dora|eu-cra|iso27001|gdpr|nerc-cip,Article 21 lists ten baseline risk-management measure categories; member states may add national control frameworks.,2026-08-20,https://eur-lex.europa.eu/eli/dir/2022/2555/oj|https://digital-strategy.ec.europa.eu/en/policies/nis2-directive
eu-cra,EU Cyber Resilience Act,CRA; Regulation (EU) 2024/2847,European Union,EU,security,regulation,European Union,https://eur-lex.europa.eu/eli/reg/2024/2847/oj,"Horizontal cybersecurity requirements for products with digital elements; reporting duties from September 2026, full application December 2027","Manufacturers, importers and distributors placing products with digital elements, including software, on the EU market.","Applies to hardware and software products with digital elements made available on the EU market, with heightened rules for important and critical categories.","Requires security by design and by default, a conformity assessment appropriate to the product class, CE marking, and technical documentation including a software bill of materials. Manufacturers must handle vulnerabilities for the support period and report actively exploited vulnerabilities and severe incidents to ENISA and national authorities within defined deadlines. Main obligations apply from December 2027, with reporting duties from September 2026.",mandatory,yes,technical documentation|SBOM|risk assessment|conformity assessment records|EU declaration of conformity|vulnerability handling policy|incident reports,continuous during the support period; reassessment on substantial modification,"Administrative fines up to 15 million euro or 2.5 percent of worldwide annual turnover for the most serious breaches, with lower tiers for other obligations.",nis2|eu-ai-act|iso27001|nist-ssdf,"Essential cybersecurity requirements and vulnerability handling requirements in the annexes, with product classes determining conformity assessment routes.",2026-08-20,https://eur-lex.europa.eu/eli/reg/2024/2847/oj|https://digital-strategy.ec.europa.eu/en/policies/cyber-resilience-act
eu-ai-act,EU Artificial Intelligence Act,AI Act; Regulation (EU) 2024/1689,European Union,EU,ai,regulation,European Union,https://eur-lex.europa.eu/eli/reg/2024/1689/oj,Risk-tiered obligations for providers and deployers of AI systems and general-purpose AI models,"Providers, deployers, importers and distributors of AI systems placed on the EU market or whose output is used in the EU, plus providers of general-purpose AI models.","Applies by risk tier: prohibited practices, high-risk systems listed in the annexes, limited-risk systems with transparency duties, and general-purpose AI models with separate provider obligations.","Prohibits specified practices such as social scoring and certain biometric categorization, and imposes on high-risk systems a risk management system, data governance, technical documentation, logging, human oversight, accuracy and robustness, conformity assessment, CE marking and post-market monitoring. Deployers of high-risk systems have duties including human oversight, input data relevance, log retention and, for some public bodies, fundamental rights impact assessments. Obligations phase in from February 2025 for prohibitions and AI literacy, August 2025 for general-purpose AI models and governance, and August 2026 and 2027 for most high-risk requirements.",mandatory,sometimes,AI system inventory and role determination|risk classification records|technical documentation|data governance records|conformity assessment and CE marking|post-market monitoring plan|incident reports|instructions for use,continuous; documentation updated on substantial modification and through post-market monitoring,"Administrative fines up to 35 million euro or 7 percent of total worldwide annual turnover for prohibited practices, up to 15 million euro or 3 percent for most other obligations including general-purpose AI model duties, and up to 7.5 million euro or 1 percent for supplying incorrect information.",iso42001|nist-ai-rmf|gdpr|eu-cra|co-admt-act,"Risk tiers plus Chapter III requirements for high-risk systems, Chapter V for general-purpose AI models, and Annex III listing high-risk use cases.",2026-08-20,https://eur-lex.europa.eu/eli/reg/2024/1689/oj|https://digital-strategy.ec.europa.eu/en/policies/regulatory-framework-ai
dora,Digital Operational Resilience Act,DORA; Regulation (EU) 2022/2554,European Union,EU,financial,regulation,European Union,https://eur-lex.europa.eu/eli/reg/2022/2554/oj,"ICT risk management, incident reporting, resilience testing, and third-party oversight for EU financial entities","EU financial entities such as banks, insurers, investment firms and crypto-asset service providers, plus ICT third-party providers serving them.","Applies to in-scope EU financial entities and, through designation, to critical ICT third-party service providers.","Requires an ICT risk management framework, classification and reporting of major ICT-related incidents, digital operational resilience testing including threat-led penetration testing for larger entities, and management of ICT third-party risk with a register of information and mandatory contractual terms. Financial entities must maintain exit strategies and concentration risk analysis for critical providers. Critical ICT providers are subject to direct EU oversight.",mandatory,sometimes,ICT risk management framework|register of information|incident classification and reports|resilience testing reports|contractual clauses|exit plans,continuous; threat-led penetration testing at least every 3 years for in-scope entities,Supervisory measures and member-state penalties for financial entities; critical ICT third-party providers face periodic penalty payments of up to 1 percent of average daily worldwide turnover.,nis2|iso27001|iso22301|psd2,"Requirements are grouped into ICT risk management, incident reporting, resilience testing, third-party risk and information sharing pillars, detailed by regulatory technical standards.",2026-08-20,https://eur-lex.europa.eu/eli/reg/2022/2554/oj|https://www.eiopa.europa.eu/digital-operational-resilience-act-dora_en
psd2,Payment Services Directive 2,PSD2; Directive (EU) 2015/2366; SCA,European Union,EU,financial,regulation,European Union,https://eur-lex.europa.eu/eli/dir/2015/2366/oj,Payment services rules including strong customer authentication and access to accounts,"Payment service providers in the EU, including banks, payment institutions, e-money institutions and third-party providers using account access APIs.","Applies to payment services provided in the EU, including account information and payment initiation services and the security of electronic payments.","Requires authorization or registration as a payment service provider, strong customer authentication for most electronic payments with defined exemptions, secure communication with account servicing providers, and incident and fraud reporting. Regulatory technical standards specify SCA and secure communication requirements. National competent authorities supervise compliance.",mandatory,sometimes,authorization or registration records|SCA implementation documentation|API and interface documentation|fraud reporting|incident reports|security policies,continuous with periodic supervisory review and annual fraud reporting,Member-state administrative penalties set in national law; supervisory measures can include restrictions or withdrawal of authorization.,dora|gdpr|pci-dss,Core obligations plus Commission Delegated Regulation 2018/389 regulatory technical standards on strong customer authentication and common and secure communication.,2026-08-20,https://eur-lex.europa.eu/eli/dir/2015/2366/oj|https://www.eba.europa.eu/regulation-and-policy/payment-services-and-electronic-money
mifid2,Markets in Financial Instruments Directive II,MiFID II; Directive 2014/65/EU,European Union,EU,financial,regulation,European Union,https://eur-lex.europa.eu/eli/dir/2014/65/oj,"EU investment services regime including recordkeeping, communications retention, and conduct rules","Investment firms, credit institutions providing investment services, and trading venues operating in the EU, plus vendors supporting their recordkeeping.","Covers investment services and activities in financial instruments, including client communications, order handling, trading and reporting.","Requires recording and retention of telephone conversations and electronic communications relating to orders, generally for five years and up to seven years if requested by a competent authority. Firms must meet best execution, product governance, suitability and appropriateness, transaction reporting and cost and charges disclosure requirements. National competent authorities supervise compliance under the directive as transposed.",mandatory,sometimes,communications recording and archives|order and transaction records|best execution policy and monitoring reports|product governance documentation|suitability assessments|retention configuration evidence,"continuous; record retention generally 5 years, extendable to 7 years on request","Penalties are set by member states, with the directive requiring minimum maximum administrative fines including at least 5 million euro for legal persons in specified cases; national laws frequently set higher amounts.",finra-rules|dora|basel3,"Obligations flow from the directive, MiFIR and delegated regulations rather than a control catalog.",2026-08-20,https://eur-lex.europa.eu/eli/dir/2014/65/oj|https://www.esma.europa.eu/policy-rules/mifid-ii-and-mifir
basel3,Basel III,Basel III framework; Basel Committee capital and liquidity standards,Global,Global,financial,framework,"Basel Committee on Banking Supervision, BIS",https://www.bis.org/bcbs/basel3.htm,"International bank capital, leverage, and liquidity standards implemented through national regulation","Internationally active banks, as implemented by national banking regulators; not directly applicable to non-bank technology companies.","Covers bank regulatory capital, leverage, liquidity and risk-weighted asset calculation, including operational risk capital.","Sets minimum risk-based capital and leverage ratios, liquidity coverage and net stable funding requirements, and buffers such as the countercyclical and capital conservation buffers. The finalized reforms revise credit, market and operational risk measurement, including a standardized operational risk approach that uses loss history. Requirements bind only as implemented in national law and supervisory rules.",mandatory,sometimes,regulatory capital calculations|risk-weighted asset models and documentation|liquidity reporting|ICAAP and stress test results|supervisory reporting returns|operational loss data,continuous; regulatory reporting quarterly with annual supervisory review,"No penalty from the Basel Committee, which sets standards; national regulators impose capital add-ons, restrictions on distributions and enforcement actions.",mifid2|dora|ffiec-it-handbook,"Pillar 1 minimum requirements, Pillar 2 supervisory review and Pillar 3 disclosure, with separate credit, market, operational and liquidity components.",2026-08-20,https://www.bis.org/bcbs/basel3.htm|https://www.bis.org/bcbs/publ/d424.htm
eu-dsa,Digital Services Act,DSA; Regulation (EU) 2022/2065,European Union,EU,industry,regulation,European Union,https://eur-lex.europa.eu/eli/reg/2022/2065/oj,"Obligations for online intermediaries and platforms on notice-and-action, transparency, and systemic risk","Providers of intermediary services offered to users in the EU, including hosting services, online platforms, marketplaces and designated very large online platforms and search engines.","Applies by service tier, with cumulative duties for intermediaries, hosting providers, online platforms and very large platforms or search engines with over 45 million monthly EU users.","Requires transparent terms, notice and action mechanisms, statements of reasons for content decisions, internal complaint handling and out-of-court dispute settlement, plus points of contact and legal representatives. Online platforms face additional duties on trader traceability, advertising transparency, protection of minors and dark pattern prohibitions, while designated very large platforms must conduct systemic risk assessments, independent audits and data access for researchers. Micro and small enterprises are exempt from several platform-specific obligations.",mandatory,sometimes,terms of service|notice and action workflow records|statements of reasons and DSA transparency database submissions|transparency reports|systemic risk assessment and audit reports for designated services|advertising repository,annual transparency reporting; annual independent audits for very large platforms,"Fines up to 6 percent of annual worldwide turnover for infringements, with periodic penalty payments and, for very large services, supervisory fees and Commission enforcement.",eu-dma|gdpr|eu-data-act,Obligations are layered by service category rather than organized into control families.,2026-08-20,https://eur-lex.europa.eu/eli/reg/2022/2065/oj|https://digital-strategy.ec.europa.eu/en/policies/digital-services-act-package
eu-dma,Digital Markets Act,DMA; Regulation (EU) 2022/1925,European Union,EU,industry,regulation,European Union,https://eur-lex.europa.eu/eli/reg/2022/1925/oj,Ex ante obligations for designated gatekeeper core platform services,"Undertakings designated by the European Commission as gatekeepers operating core platform services, and, indirectly, business users that rely on them.","Covers designated core platform services such as app stores, search engines, social networks, messaging, operating systems and advertising services meeting quantitative thresholds.","Imposes ex ante obligations on gatekeepers including interoperability, data portability, restrictions on self-preferencing and on combining personal data across services without consent, and fair access terms for business users. Gatekeepers must notify designation-relevant thresholds, submit compliance reports and inform the Commission of intended acquisitions. Most companies are affected as business users rather than as regulated gatekeepers.",mandatory,no,designation notification|annual compliance report|data portability and interoperability documentation|consent records for data combination|contractual terms for business users,annual compliance reporting,"Fines up to 10 percent of total worldwide turnover, rising to 20 percent for repeated infringements, plus periodic penalty payments and structural remedies for systematic non-compliance.",eu-dsa|gdpr|eu-data-act,"Obligations are set out in Articles 5, 6 and 7 for designated gatekeepers rather than as a control catalog.",2026-08-20,https://eur-lex.europa.eu/eli/reg/2022/1925/oj|https://digital-markets-act.ec.europa.eu/index_en
eu-data-act,EU Data Act,Data Act; Regulation (EU) 2023/2854,European Union,EU,industry,regulation,European Union,https://eur-lex.europa.eu/eli/reg/2023/2854/oj,"Rules on access to connected-product data, cloud switching, and unfair data contract terms","Manufacturers and providers of connected products and related services in the EU, data holders, and providers of data processing services such as cloud and edge providers.","Covers access to and sharing of data generated by connected products and related services, cloud switching, unfair data-sharing contract terms and international access safeguards.","Requires connected products and related services to be designed so that data is accessible to users, and data holders to share data with users and, on request, with third parties on fair, reasonable and non-discriminatory terms. Cloud and edge providers must remove switching charges on the statutory timeline, provide contractual switching terms with defined transition periods, and support functional equivalence or export of exportable data. It also invalidates unfair unilaterally imposed data contract terms and adds safeguards against unlawful third-country access. Most obligations apply from 12 September 2025.",mandatory,no,data access documentation|standard contractual terms for data sharing|switching and exit procedures|charge removal evidence|contract templates|international transfer safeguards,continuous; contract reviews on renewal and on regulatory milestones,"Penalties are set by member states and must be effective, proportionate and dissuasive; GDPR fine levels apply where personal data obligations overlap.",gdpr|eu-dsa|eu-dma|ehds,"Chapters cover business-to-consumer and business-to-business data sharing, unfair terms, public body access, cloud switching and interoperability.",2026-08-20,https://eur-lex.europa.eu/eli/reg/2023/2854/oj|https://digital-strategy.ec.europa.eu/en/policies/data-act
eu-accessibility-act,European Accessibility Act,EAA; Directive (EU) 2019/882,European Union,EU,industry,regulation,European Union,https://eur-lex.europa.eu/eli/dir/2019/882/oj,Accessibility requirements for products and services including e-commerce and consumer digital services,"Economic operators placing in-scope products or providing in-scope services on the EU market, including e-commerce, e-books, banking services, transport and telecom services.","Covers listed products and services supplied to consumers in the EU, with microenterprise exemptions for services and disproportionate burden assessments.","Requires in-scope products and services to meet functional accessibility requirements, documented in technical documentation or an accessibility statement. Conformity is presumed where harmonized standards such as EN 301 549 are met. Requirements apply from 28 June 2025, with transitional periods for some services and self-service terminals, and enforcement is by designated national authorities.",mandatory,sometimes,accessibility statement|technical documentation|EN 301 549 conformance evidence|disproportionate burden assessment|test results|remediation plan,continuous; documentation updated on material change,"Penalties are set by each member state and must be effective, proportionate and dissuasive; amounts vary by country.",wcag|ada|section-508,"Functional accessibility requirements in the annexes, with EN 301 549 providing the harmonized technical criteria that reference WCAG.",2026-08-20,https://eur-lex.europa.eu/eli/dir/2019/882/oj|https://ec.europa.eu/social/main.jsp?catId=1202
csrd,Corporate Sustainability Reporting Directive,CSRD; Directive (EU) 2022/2464; ESRS,European Union,EU,industry,regulation,European Union,https://eur-lex.europa.eu/eli/dir/2022/2464/oj,Mandatory sustainability reporting under the European Sustainability Reporting Standards,"Large EU companies and listed SMEs meeting size thresholds, plus certain non-EU parent companies with substantial EU turnover and an EU subsidiary or branch.","Covers sustainability reporting on environmental, social and governance matters using a double materiality assessment across the company's own operations and value chain.","Requires reporting under the European Sustainability Reporting Standards in the management report, tagged in a digital format, and subject to limited assurance by an auditor or independent assurance provider. Companies must perform a double materiality assessment covering impacts, risks and opportunities. Application is phased, and the 2025 stop-the-clock directive postponed reporting for the second and third waves by two years while scope simplification is negotiated.",mandatory,yes,double materiality assessment|ESRS disclosures in the management report|value chain data collection records|assurance report|digital tagging (ESEF) files|internal control documentation,annual,"Penalties are set by member states and vary, and can include administrative fines, public statements and, in some jurisdictions, director liability.",sasb-standards|gri-standards|ifrs-s1-s2|iso14001,"European Sustainability Reporting Standards comprising cross-cutting standards plus environmental, social and governance topical standards.",2026-08-20,https://eur-lex.europa.eu/eli/dir/2022/2464/oj|https://www.efrag.org/en/sustainability-reporting
pipeda,Personal Information Protection and Electronic Documents Act,PIPEDA,Canada,Canada,privacy,law,Office of the Privacy Commissioner of Canada,https://www.priv.gc.ca/en/privacy-topics/privacy-laws-in-canada/the-personal-information-protection-and-electronic-documents-act-pipeda/,Canadian federal private-sector privacy law; some provinces have substantially similar regimes,"Private-sector organizations that collect, use or disclose personal information in the course of commercial activities in Canada, or that transfer such data across provincial or national borders.","Applies to commercial personal information handling in Canada, except in provinces with substantially similar private-sector laws such as Quebec, Alberta and British Columbia for intra-provincial activity.","Requires compliance with ten fair information principles including accountability, identifying purposes, consent, limiting use and retention, safeguards and openness. Organizations must appoint a privacy officer, respond to access requests, and report breaches of security safeguards involving real risk of significant harm to the Privacy Commissioner and affected individuals. Accountability is retained when personal information is transferred to third-party processors, including across borders.",mandatory,no,privacy policy|consent records|access request log|breach records and reports|vendor contracts|safeguards documentation,continuous; program review commonly annual,"Fines up to 100,000 Canadian dollars per offence for specified violations such as obstructing an investigation or breach-reporting failures; the Commissioner may also publish findings and seek Federal Court orders.",quebec-law-25|casl|gdpr,Built on the ten fair information principles in Schedule 1 rather than a technical control catalog.,2026-08-20,https://www.priv.gc.ca/en/privacy-topics/privacy-laws-in-canada/the-personal-information-protection-and-electronic-documents-act-pipeda/|https://laws-lois.justice.gc.ca/eng/acts/P-8.6/
quebec-law-25,Quebec Law 25,Law 25; Bill 64; Act respecting the protection of personal information in the private sector,Canada - Quebec,Canada,privacy,law,Commission d'acces a l'information du Quebec,https://www.legisquebec.gouv.qc.ca/en/document/cs/P-39.1,"Quebec private-sector privacy regime modernized by Law 25, including portability and privacy-by-default duties","Private-sector enterprises that collect, hold, use or communicate personal information of people in Quebec, and public bodies under parallel rules.","Applies to personal information handled by enterprises carrying on business in Quebec, including data processed outside Quebec on their behalf.","Requires designation of a person in charge of protection of personal information, privacy impact assessments for information system projects and cross-border transfers, and confidentiality by default for technology products and services. Enterprises must report confidentiality incidents presenting a risk of serious injury to the Commission d'acces a l'information and affected individuals, and honor rights including access, correction, de-indexing and, since 2024, data portability. Consent rules are strict, with specific requirements for sensitive information and for profiling or location technologies.",mandatory,no,privacy policy|privacy impact assessments|incident register|consent records|transfer assessments|governance policies,continuous; assessments per project and on material change,"Administrative monetary penalties up to 10 million Canadian dollars or 2 percent of worldwide turnover, and penal fines up to 25 million Canadian dollars or 4 percent of worldwide turnover, with a private right of action for punitive damages.",pipeda|gdpr|casl,"Obligations are structured by statutory sections covering governance, consent, rights, incidents and transfers.",2026-08-20,https://www.legisquebec.gouv.qc.ca/en/document/cs/P-39.1|https://www.cai.gouv.qc.ca/
casl,Canada's Anti-Spam Legislation,CASL,Canada,Canada,privacy,law,Government of Canada; CRTC,https://ised-isde.canada.ca/site/canada-anti-spam-legislation/en,"Consent, identification, and unsubscribe requirements for commercial electronic messages","Any organization sending commercial electronic messages to recipients in Canada, or installing computer programs on Canadian users' devices.","Applies to commercial electronic messages such as email and SMS sent to or accessed in Canada, and to computer program installation, regardless of sender location.","Requires express or implied consent before sending commercial electronic messages, clear sender identification and contact information, and a working unsubscribe mechanism honored within ten business days. Consent records must be retained and proof of consent rests with the sender. Separate rules govern consent for installing computer programs.",mandatory,no,consent records|suppression list|message templates with identification and unsubscribe|complaint handling records|marketing policy,continuous; implied consent generally expires after defined periods,Administrative monetary penalties up to 1 million Canadian dollars per violation for individuals and 10 million Canadian dollars per violation for organizations.,can-spam|uk-pecr|pipeda,"Requirements are organized around consent, identification and unsubscribe rather than control families.",2026-08-20,https://ised-isde.canada.ca/site/canada-anti-spam-legislation/en|https://crtc.gc.ca/eng/internet/anti.htm
lgpd,Lei Geral de Protecao de Dados,LGPD; Brazilian General Data Protection Law; Lei 13.709/2018,Brazil,LATAM,privacy,law,Autoridade Nacional de Protecao de Dados (ANPD),https://www.gov.br/anpd/pt-br,Brazil's GDPR-inspired data protection law enforced by the ANPD,"Organizations that process personal data in Brazil, offer goods or services in Brazil, or process data collected in Brazil, regardless of where they are based.","Applies to processing of personal data of individuals in Brazil by controllers and operators, in physical or digital form, with limited exceptions such as purely personal or journalistic use.","Requires a legal basis from the statutory list, transparency, and support for data subject rights including confirmation, access, correction, anonymization, portability and deletion. Controllers must appoint a data protection officer, keep records of processing, adopt security and governance measures, and report security incidents to the ANPD and affected individuals within a deadline set by regulation. International transfers require adequacy, contractual instruments approved by the ANPD or another statutory basis.",mandatory,no,privacy notice|records of processing|legitimate interest assessment|DPIA (RIPD)|DPO appointment|incident reports|international transfer contracts,continuous; assessments reviewed on material change,"Administrative fines up to 2 percent of Brazilian group revenue for the prior fiscal year, capped at 50 million Brazilian reais per infringement, plus daily fines, publication and processing restrictions.",gdpr|pipeda|au-privacy-act,"Structured by statutory chapters covering legal bases, rights, controller and operator duties, security, transfers and enforcement.",2026-08-20,https://www.gov.br/anpd/pt-br|https://www.planalto.gov.br/ccivil_03/_ato2015-2018/2018/lei/l13709.htm
au-privacy-act,Australia Privacy Act 1988,Australian Privacy Principles; APPs; Privacy Act,Australia,APAC,privacy,law,Office of the Australian Information Commissioner,https://www.oaic.gov.au/privacy/privacy-legislation/the-privacy-act,Australian federal privacy regime built on the 13 Australian Privacy Principles; subject to ongoing reform,"Australian government agencies and private-sector organizations with annual turnover above 3 million Australian dollars, plus smaller entities in categories such as health service providers and those trading in personal information.","Applies to handling of personal information by APP entities, including overseas entities carrying on business in Australia and collecting Australian personal information.","Requires compliance with the thirteen Australian Privacy Principles covering open and transparent management, collection, use and disclosure, direct marketing, cross-border disclosure, data quality, security, access and correction. Entities must have a clearly expressed and up-to-date privacy policy and take reasonable steps to protect and destroy or de-identify information. Eligible data breaches must be assessed and notified to the OAIC and affected individuals under the Notifiable Data Breaches scheme.",mandatory,no,privacy policy|APP compliance assessment|collection notices|breach assessment and notifications|overseas disclosure records|security controls documentation,continuous; policy and program review commonly annual,"Civil penalties for serious or repeated interferences with privacy of up to the greater of 50 million Australian dollars, three times the benefit obtained, or 30 percent of adjusted turnover in the relevant period.",essential-eight|nz-privacy-act|gdpr,"Thirteen Australian Privacy Principles, supported by the Notifiable Data Breaches scheme and OAIC guidance.",2026-08-20,https://www.oaic.gov.au/privacy/privacy-legislation/the-privacy-act|https://www.oaic.gov.au/privacy/australian-privacy-principles
nz-privacy-act,New Zealand Privacy Act 2020,NZ Privacy Act; Information Privacy Principles,New Zealand,APAC,privacy,law,Office of the Privacy Commissioner (New Zealand),https://www.privacy.org.nz/privacy-act-2020/,New Zealand privacy regime with information privacy principles and mandatory breach notification,"Any agency, including overseas businesses carrying on business in New Zealand, that handles personal information about identifiable individuals.","Applies to collection, use, disclosure, storage and access of personal information by agencies in New Zealand, including foreign entities operating there.","Requires compliance with the information privacy principles covering purpose, source, collection notice, security, access, correction, accuracy, retention, use, disclosure, unique identifiers and cross-border disclosure. Privacy breaches causing or likely to cause serious harm must be notified to the Privacy Commissioner and affected individuals as soon as practicable. Disclosures to overseas recipients require comparable safeguards under principle 12.",mandatory,no,privacy statement|breach assessment and notification records|access request log|overseas disclosure safeguards|security documentation,continuous; program review commonly annual,"Fines up to 10,000 New Zealand dollars for specified offences such as failing to notify a notifiable breach; the Human Rights Review Tribunal can award damages for interference with privacy.",au-privacy-act|gdpr,Thirteen information privacy principles plus breach notification duties.,2026-08-20,https://www.privacy.org.nz/privacy-act-2020/|https://www.legislation.govt.nz/act/public/2020/0031/latest/LMS23223.html
pipl-china,Personal Information Protection Law of China,PIPL,China,APAC,privacy,law,National People's Congress; Cyberspace Administration of China,http://www.npc.gov.cn/npc/c2/c30834/202108/t20210820_313088.html,China's comprehensive personal information law including cross-border transfer mechanisms; official NPC text in Chinese,"Organizations handling personal information of individuals in China, including foreign entities that process such data to provide products or services to them or to analyze their behavior.","Applies to personal information handling activities within China and, extraterritorially, to specified processing of Chinese residents' data outside China.","Requires a lawful basis, usually separate consent for sensitive personal information, cross-border transfers and disclosure to third parties, plus transparency and individual rights including access, correction, deletion and portability. Handlers must conduct personal information protection impact assessments, keep records and, above thresholds, appoint a protection officer and a domestic representative. Cross-border transfers require a CAC security assessment, CAC standard contract filing or certification, subject to current CAC exemption rules.",mandatory,sometimes,consent records|privacy notice|personal information protection impact assessment|cross-border transfer filing or assessment|processing records|security measures documentation,continuous; compliance audits required periodically under CAC rules,"Fines up to 50 million Chinese yuan or 5 percent of prior-year turnover for serious violations, plus business suspension, license revocation and personal liability for responsible individuals.",china-csl|china-dsl|gdpr,"Structured by statutory chapters on handling rules, sensitive data, cross-border provision, individual rights and handler obligations.",2026-08-20,https://www.gov.cn/xinwen/2021-08/20/content_5632486.htm|https://www.cac.gov.cn/
china-csl,Cybersecurity Law of China,CSL; China Cybersecurity Law,China,APAC,security,law,National People's Congress; Cyberspace Administration of China,http://www.cac.gov.cn/2016-11/07/c_1119867116.htm,"Foundational Chinese cybersecurity statute covering network operators, MLPS, and data localization; official CAC text in Chinese","Network operators in China, including most companies operating IT systems there, and operators of critical information infrastructure.","Applies to construction, operation, maintenance and use of networks in mainland China, with heightened duties for critical information infrastructure operators.","Requires tiered network security protection under the Multi-Level Protection Scheme, real-name registration for certain services, incident response and reporting, and retention of network logs for at least six months. Critical information infrastructure operators face procurement security reviews, annual assessments and data localization for personal information and important data. Compliance frequently requires in-country hosting and Chinese-language documentation.",mandatory,sometimes,MLPS grading and filing records|security policies|log retention evidence|incident reports|assessment reports|localization architecture documentation,continuous; annual assessments for critical information infrastructure,"Fines on entities commonly up to 1 million Chinese yuan for serious violations, with additional fines on responsible individuals, service suspension and license revocation.",pipl-china|china-dsl|nis2,Implemented largely through the Multi-Level Protection Scheme grades and supporting national standards.,2026-08-20,https://www.gov.cn/xinwen/2016-11/07/content_5129723.htm|https://www.cac.gov.cn/
china-dsl,Data Security Law of China,DSL; China Data Security Law,China,APAC,security,law,National People's Congress,http://www.npc.gov.cn/npc/c2/c30834/202106/t20210610_311888.html,"Data classification, important data, and cross-border data provision rules for activities in China; official NPC text in Chinese","Organizations carrying out data processing activities in China, and in some cases outside China where activities harm Chinese national security or public interest.","Applies to all data, not only personal information, with heightened duties for important data and national core data.","Requires a data classification and protection system, risk assessments for important data handlers with reports to regulators, and security management responsibilities across the data lifecycle. Cross-border provision of important data requires security assessment, and providing data to foreign law enforcement requires Chinese government approval. Sector regulators define important data catalogs.",mandatory,sometimes,data classification inventory|important data risk assessment reports|security management policies|cross-border assessment filings|incident records,continuous; risk assessments at least annually for important data handlers,"Fines up to 10 million Chinese yuan for the most serious violations such as unlawful provision of national core data, plus business suspension and license revocation.",pipl-china|china-csl,"Structured around data classification tiers, including important data and national core data, with sector catalogs.",2026-08-20,https://www.gov.cn/xinwen/2021-06/11/content_5616919.htm|https://www.cac.gov.cn/
pdpa-singapore,Personal Data Protection Act (Singapore),PDPA Singapore; SG PDPA,Singapore,APAC,privacy,law,Personal Data Protection Commission Singapore,https://www.pdpc.gov.sg/overview-of-pdpa/the-legislation/personal-data-protection-act,"Singapore consent, purpose limitation, accountability, and breach notification regime","Private-sector organizations that collect, use or disclose personal data in Singapore, including foreign organizations with Singapore data processing.","Applies to personal data of individuals handled by organizations in Singapore, excluding public agencies and, for most obligations, employees acting for their organization.","Requires consent or an applicable exception, notification of purposes, and compliance with obligations covering accuracy, protection, retention limitation, access and correction, and transfer limitation. Organizations must appoint a Data Protection Officer and register the contact details, and must notify the PDPC and affected individuals of notifiable data breaches, generally within three calendar days of assessment. Do Not Call provisions apply to marketing messages to Singapore telephone numbers.",mandatory,no,data protection policy|DPO appointment|consent and notification records|breach assessment and notification|transfer contracts|Do Not Call screening records,continuous; policy review commonly annual,"Financial penalties up to 10 percent of annual turnover in Singapore or 1 million Singapore dollars, whichever is higher, for data protection breaches.",pdpa-thailand|gdpr|appi-japan,"Obligations are grouped into consent, notification, purpose limitation, accuracy, protection, retention, transfer, access and accountability duties.",2026-08-20,https://www.pdpc.gov.sg/overview-of-pdpa/the-legislation/personal-data-protection-act|https://www.pdpc.gov.sg/
pdpa-thailand,Personal Data Protection Act (Thailand),Thailand PDPA; PDPA B.E. 2562,Thailand,APAC,privacy,law,Personal Data Protection Committee (Thailand),https://www.pdpc.or.th/,"Thailand's GDPR-influenced data protection law enforced by the Thai PDPC; regulator site blocks automated requests, confirm content manually","Data controllers and processors handling personal data of people in Thailand, including entities outside Thailand offering goods or services to or monitoring people there.","Applies to collection, use and disclosure of personal data in Thailand, with extraterritorial reach for offering goods or services to, or monitoring behavior of, individuals in Thailand.","Requires a lawful basis, explicit consent for sensitive personal data, privacy notices and support for data subject rights including access, portability, erasure and objection. Controllers must maintain records of processing activities, implement security measures and notify the Office of the PDPC of personal data breaches within 72 hours where feasible. A data protection officer and a local representative are required in specified cases, and cross-border transfers need adequate protection or an approved mechanism.",mandatory,no,privacy notice|consent records|records of processing|DPO appointment|breach notifications|transfer safeguards|security policies,continuous; program review commonly annual,"Administrative fines up to 5 million Thai baht, plus civil liability including punitive damages and criminal penalties for specified sensitive-data violations.",pdpa-singapore|gdpr,"Structured by statutory chapters on lawful bases, rights, controller and processor duties, transfers and enforcement.",2026-08-20,https://www.pdpc.or.th/|https://www.mdes.go.th/
appi-japan,Act on the Protection of Personal Information,APPI; Japan APPI,Japan,APAC,privacy,law,Personal Information Protection Commission (Japan),https://www.ppc.go.jp/en/legal/,"Japan's personal information protection law, adequacy-recognized by the European Commission",Personal information handling business operators in Japan and foreign businesses that handle personal information of people in Japan in connection with supplying goods or services.,"Applies to handling of personal information, pseudonymously processed information and anonymously processed information by business operators, with extraterritorial application.","Requires specification and notification of utilization purposes, limits on use and third-party provision, security control measures and records for third-party transfers. Operators must respond to disclosure, correction and cessation requests, and must report leaks that risk individual rights to the Personal Information Protection Commission and notify affected individuals. Cross-border transfers require consent with prescribed information, an adequacy finding or equivalent safeguards with ongoing verification.",mandatory,no,privacy policy|purpose notifications|transfer records|security control measures documentation|breach reports|consent records,continuous; the APPI is reviewed by the PPC roughly every three years,"Fines up to 100 million Japanese yen for corporations for specified violations such as failing to comply with a PPC order, plus penalties for individuals.",pdpa-singapore|pipa-korea|gdpr,"Obligations are organized by statutory duties covering purpose, acquisition, security, third-party provision, cross-border transfer and individual rights.",2026-08-20,https://www.ppc.go.jp/en/legal/|https://www.ppc.go.jp/en/
pipa-korea,Personal Information Protection Act (Korea),PIPA Korea; K-PIPA,South Korea,APAC,privacy,law,Personal Information Protection Commission (Korea),https://www.pipc.go.kr/eng/,South Korea's comprehensive privacy law with strict consent and cross-border transfer rules,"Any personal information controller in Korea, public or private, and overseas entities processing Korean residents' personal data in scope of the Act.","Applies to processing of personal information of Korean data subjects, including pseudonymized data rules and specific provisions for overseas transfers.","Requires a specific legal basis, typically granular consent, privacy notices, and support for rights including access, correction, deletion and suspension of processing. Controllers must appoint a privacy officer, implement prescribed technical and administrative safeguards, and report data breaches to the PIPC and affected individuals within statutory deadlines. Overseas transfers require consent or another listed basis, and the PIPC can order transfer suspension.",mandatory,sometimes,consent records|privacy notice|privacy officer designation|safeguard measures documentation|breach reports|overseas transfer documentation|impact assessments,continuous; privacy impact assessments and audits per regulation,"Administrative fines up to 3 percent of total related revenue for serious violations, plus penalty surcharges and criminal penalties for specified breaches.",k-isms-p|appi-japan|gdpr,Statutory duties plus enforcement decree safeguards; the ISMS-P certification scheme is often used as supporting evidence.,2026-08-20,https://www.pipc.go.kr/eng/|https://www.law.go.kr/LSW/eng/engMain.do
india-dpdp,"Digital Personal Data Protection Act, 2023",DPDP Act; DPDPA India,India,APAC,privacy,law,Ministry of Electronics and Information Technology (India),https://www.meity.gov.in/data-protection-framework,India's consent-based personal data law; implementation via DPDP Rules is phased,"Data fiduciaries processing digital personal data within India, and those outside India processing such data in connection with offering goods or services to people in India.","Applies to digital personal data, including data digitized after collection, with exemptions for certain government processing and publicly available data.","Requires clear notice and consent or a legitimate use basis, appointment of a consent manager where used, and honoring rights to access, correction, erasure and grievance redressal. Data fiduciaries must implement reasonable security safeguards, notify the Data Protection Board and affected data principals of breaches, and observe additional duties for children's data. Significant data fiduciaries face extra obligations including a data protection officer in India, independent audits and impact assessments, with timelines set by the DPDP Rules.",mandatory,sometimes,consent notices and records|privacy notice|breach notifications|security safeguards documentation|DPIA and audit reports for significant data fiduciaries|grievance records,continuous; annual independent audit for significant data fiduciaries,"Financial penalties up to 2.5 billion Indian rupees per specified breach, including up to 2.5 billion rupees for failure to take reasonable security safeguards.",gdpr|pdpa-singapore,"Obligations are set by statute and the DPDP Rules, with heightened duties for significant data fiduciaries rather than a control catalog.",2026-08-20,https://www.meity.gov.in/data-protection-framework|https://www.meity.gov.in/
popia,Protection of Personal Information Act,POPIA; POPI Act,South Africa,MEA,privacy,law,Information Regulator (South Africa),https://inforegulator.org.za/,South Africa's data protection law enforced by the Information Regulator,"Public and private bodies that process personal information of data subjects in South Africa, including juristic persons.","Applies to processing of personal information entered in a record by or for a responsible party domiciled in South Africa, or using means in South Africa.","Requires compliance with eight conditions for lawful processing covering accountability, processing limitation, purpose specification, further processing limitation, information quality, openness, security safeguards and data subject participation. Responsible parties must register an Information Officer with the Information Regulator, maintain security measures and notify the Regulator and data subjects of security compromises. Special personal information and children's data require additional authorization, and cross-border transfers require a listed basis.",mandatory,no,PAIA and privacy manual|Information Officer registration|processing records|security safeguards documentation|breach notifications|operator agreements,continuous; program review commonly annual,Administrative fines up to 10 million South African rand and criminal penalties including imprisonment of up to ten years for the most serious offences.,gdpr|nigeria-ndpa,"Eight conditions for lawful processing, supported by regulations and Information Regulator guidance.",2026-08-20,https://inforegulator.org.za/|https://www.gov.za/documents/protection-personal-information-act
nigeria-ndpa,Nigeria Data Protection Act 2023,NDPA; NDP Act,Nigeria,MEA,privacy,law,Nigeria Data Protection Commission,https://ndpc.gov.ng/,Nigerian data protection statute signed June 2023; implemented through the 2025 General Application and Implementation Directive,"Data controllers and processors processing personal data of data subjects in Nigeria, including foreign entities processing such data.","Applies to processing of personal data where the controller or processor is in Nigeria, processes Nigerian residents' data, or targets people in Nigeria.","Requires a lawful basis, transparency, and support for data subject rights including access, rectification, erasure and objection. Controllers and processors of major importance must register with the Nigeria Data Protection Commission, appoint a data protection officer and conduct compliance audits. Security breaches must be reported to the Commission within 72 hours, and cross-border transfers require an adequacy determination or another statutory basis.",mandatory,sometimes,privacy policy|registration with the NDPC|DPO appointment|compliance audit report|breach notifications|processing records|transfer documentation,annual compliance audit filing for controllers of major importance,"Penalties up to the greater of 10 million Nigerian naira and 2 percent of annual gross revenue for data controllers of major importance, with lower tiers for others.",popia|gdpr,Obligations are structured by statutory principles plus the General Application and Implementation Directive.,2026-08-20,https://ndpc.gov.ng/|https://ndpc.gov.ng/Files/Nigeria_Data_Protection_Act_2023.pdf
saudi-pdpl,Saudi Personal Data Protection Law,Saudi PDPL; KSA PDPL,Saudi Arabia,MEA,privacy,law,Saudi Data and Artificial Intelligence Authority (SDAIA),https://sdaia.gov.sa/en/SDAIA/about/Documents/PersonalDataProtectionLaw.pdf,Kingdom of Saudi Arabia personal data law with implementing regulations and transfer rules issued by SDAIA,"Any entity processing personal data of individuals residing in Saudi Arabia, including entities outside the Kingdom processing such data.","Applies to processing of personal data in Saudi Arabia by public and private entities, with extraterritorial reach for data of residents.","Requires a lawful basis, privacy notices, records of processing and registration on the SDAIA national platform where required, plus support for rights of access, correction and destruction. Controllers must conduct impact assessments for higher-risk processing, appoint a personal data protection officer in specified cases, and notify SDAIA of breaches within 72 hours. Cross-border transfers require compliance with the transfer regulations, including risk assessments and, in some cases, appropriate safeguards.",mandatory,no,privacy notice|records of processing|registration records|impact assessments|breach notifications|transfer risk assessments|processor agreements,continuous; registration and assessments refreshed per SDAIA rules,"Fines up to 5 million Saudi riyals, doubled for repeat violations, with criminal penalties including imprisonment for unlawful disclosure of sensitive data.",uae-pdpl|gdpr,Statutory obligations detailed by the Implementing Regulation and the Regulation on Personal Data Transfer outside the Kingdom.,2026-08-20,https://sdaia.gov.sa/en/SDAIA/about/Documents/PersonalDataProtectionLaw.pdf|https://sdaia.gov.sa/en/default.aspx
uae-pdpl,UAE Personal Data Protection Law,UAE PDPL; Federal Decree-Law No. 45 of 2021,United Arab Emirates,MEA,privacy,law,UAE Data Office,https://u.ae/en/about-the-uae/digital-uae/data/data-protection-laws,UAE federal personal data protection regime; DIFC and ADGM free zones maintain separate data protection laws,"Entities processing personal data of data subjects inside the UAE and, in specified cases, controllers or processors outside the UAE processing UAE data subjects' data.",Applies onshore in the UAE outside free zones with their own regimes; the DIFC Data Protection Law and ADGM Data Protection Regulations apply separately within those financial free zones.,"Requires a lawful basis or consent meeting statutory conditions, privacy notices, records of processing and support for rights including access, correction, erasure, portability and objection. Controllers must implement appropriate security measures, notify the UAE Data Office and affected individuals of breaches without undue delay, and appoint a data protection officer in specified higher-risk cases. Cross-border transfers require an adequate destination or specified safeguards such as contractual clauses.",mandatory,no,privacy notice|records of processing|DPO appointment where required|breach notifications|transfer safeguards|processor agreements,continuous; program review commonly annual,"Administrative penalties are set by Cabinet decision; specific fine amounts for the federal PDPL are unknown pending publication, while DIFC and ADGM regimes publish their own fine schedules.",saudi-pdpl|gdpr,"Federal statutory duties, with separate control regimes in the DIFC and ADGM free zones.",2026-08-20,https://u.ae/en/about-the-uae/digital-uae/data/data-protection-laws|https://uaelegislation.gov.ae/en/legislations/1972
swiss-fadp,Swiss Federal Act on Data Protection,FADP; revFADP; nFADP; DSG,Switzerland,EU,privacy,law,Federal Data Protection and Information Commissioner (Switzerland),https://www.fedlex.admin.ch/eli/cc/2022/491/en,"Revised Swiss data protection act in force since September 2023, closely aligned with the GDPR","Organizations processing personal data of people in Switzerland, including foreign companies whose processing has effects in Switzerland.","Applies to processing of personal data of natural persons by private persons and federal bodies, with extraterritorial effect for processing that affects Switzerland.","Requires transparency, proportionality and purpose limitation, a register of processing activities for many organizations, data protection impact assessments for high-risk processing and privacy by design and default. Data security breaches that pose a high risk must be reported to the FDPIC as soon as possible. Transfers abroad require adequacy, contractual safeguards such as SCCs with Swiss adaptations, or another legal basis, and some foreign controllers must appoint a Swiss representative.",mandatory,no,privacy notice|register of processing activities|DPIA|processor contracts|SCCs with Swiss addendum|breach records,continuous; assessments reviewed on material change,"Criminal fines of up to 250,000 Swiss francs imposed on responsible individuals for specified breaches, rather than corporate administrative fines.",gdpr|eu-scc|uk-gdpr-dpa2018,"Structured by statutory duties covering principles, information, rights, security, DPIAs and cross-border transfers.",2026-08-20,https://www.fedlex.admin.ch/eli/cc/2022/491/en|https://www.edoeb.admin.ch/en
turkey-kvkk,Turkish Personal Data Protection Law,KVKK; Law No. 6698,Turkey,MEA,privacy,law,Kisisel Verileri Koruma Kurumu (KVKK),https://www.kvkk.gov.tr/,Turkey's personal data protection law with registration (VERBIS) and transfer requirements,"Data controllers processing personal data of individuals in Turkey, including foreign controllers targeting Turkey.","Applies to processing of personal data of natural persons in Turkey by controllers and processors, wholly or partly by automated means.","Requires a lawful basis, explicit consent for special categories unless an exception applies, privacy notices, and registration in the VERBIS data controllers registry unless exempt. Controllers must respond to data subject applications within 30 days, take technical and organizational measures, and notify the Authority within 72 hours of learning of a data breach. Cross-border transfers rely on adequacy, standard contracts filed with the Authority, binding corporate rules or explicit consent under the amended transfer regime.",mandatory,no,privacy notices|VERBIS registration|personal data inventory|data retention and destruction policy|breach notifications|standard contracts for transfers,continuous; VERBIS entries and inventories updated on change,"Administrative fines set annually by statute and adjusted for inflation, ranging by violation type; amounts for the current year are published by the Authority.",gdpr|saudi-pdpl,Statutory duties plus Authority decisions and the technical and organizational measures guidance.,2026-08-20,https://www.kvkk.gov.tr/|https://www.mevzuat.gov.tr/mevzuatmetin/1.5.6698.pdf
nerc-cip,NERC CIP Standards,NERC Critical Infrastructure Protection; CIP-002 through CIP-015,United States and Canada,US,industry,standard,North American Electric Reliability Corporation,https://www.nerc.com/pa/Stand/Pages/CIPStandards.aspx,"Mandatory, enforceable cyber and physical security standards for the bulk electric system","Owners and operators of the North American bulk electric system, and vendors supplying systems inside their compliance scope.","Applies to BES Cyber Systems and associated assets categorized as high, medium or low impact.","Requires categorization of BES cyber systems and implementation of standards covering security management controls, personnel and training, electronic security perimeters, physical security, system security management, incident reporting, recovery, configuration change management, information protection and supply chain risk. Compliance is enforced by NERC and regional entities through audits and self-reports. Registered entities must retain evidence for defined periods.",mandatory,yes,asset categorization|CIP policies|access authorization records|configuration baselines|patch evaluations|incident reports|audit evidence,"continuous with periodic regional audits, commonly on a 3-year cycle","Civil penalties up to the statutory maximum per violation per day under FERC-approved enforcement, which is over one million U.S. dollars per day per violation.",nist-800-53|iso27001|nis2,"Standards CIP-002 through CIP-015 cover categorization, personnel, perimeters, physical security, system management, incident response, recovery, change management, information protection, supply chain and internal network monitoring.",2026-08-20,https://www.nerc.com/pa/Stand/Pages/CIPStandards.aspx|https://www.nerc.com/pa/comp/Pages/default.aspx
tsa-security-directives,TSA Cybersecurity Security Directives,TSA pipeline security directives; TSA rail security directives,United States,US,industry,regulation,US Transportation Security Administration,https://www.tsa.gov/sd-and-ea,"Mandatory cybersecurity directives for designated pipeline, rail, and aviation owners and operators","Owners and operators of TSA-designated critical pipeline, freight and passenger rail, and higher-risk aviation systems in the United States.","Covers designated critical cyber systems, including information technology and operational technology systems supporting the regulated operations.","Requires designation of a cybersecurity coordinator, reporting of cybersecurity incidents to CISA generally within 24 hours, a cybersecurity assessment plan with annual testing of controls, and a TSA-approved cybersecurity implementation plan including network segmentation, access control, continuous monitoring and patching. Owners and operators must submit plans for approval and report on assessment results. Directives are periodically renewed and updated, and TSA has proposed a permanent rule.",mandatory,yes,cybersecurity implementation plan|cybersecurity assessment plan and annual results|incident reports to CISA|cybersecurity coordinator designation|network segmentation architecture|patch management records,"annual assessment testing, with directive renewals typically annual","TSA civil penalties per violation under its aviation and surface transportation authorities, with amounts adjusted for inflation and enforcement including operational directives.",nerc-cip|iec62443|nist-csf|nis2,"Requirements are organized around implementation and assessment plans with control areas such as segmentation, access control, monitoring and patching.",2026-08-20,https://www.tsa.gov/sd-and-ea|https://www.tsa.gov/for-industry/surface-transportation
fsma,Food Safety Modernization Act,FSMA; FSMA Rules; 21 CFR Part 117,United States,US,industry,law,US Food and Drug Administration,https://www.fda.gov/food/guidance-regulation-food-and-dietary-supplements/food-safety-modernization-act-fsma,Preventive controls and traceability requirements for food facilities,"Domestic and foreign facilities that manufacture, process, pack or hold food for U.S. consumption, plus importers, farms and, for traceability, entities handling listed foods.","Covers human and animal food operations subject to FDA jurisdiction, with exemptions and modified requirements for qualified small businesses.","Requires a written food safety plan with hazard analysis and risk-based preventive controls, monitoring, corrective actions, verification and records, implemented under Part 117. Importers must operate a Foreign Supplier Verification Program, and produce safety, sanitary transportation and intentional adulteration rules apply to relevant operations. The Food Traceability Rule requires additional records and traceability lot codes for listed foods, with the compliance date extended to July 2028.",mandatory,sometimes,food safety plan|hazard analysis|monitoring and verification records|supplier approval and FSVP records|training records (PCQI)|traceability records and lot codes|recall plan,food safety plan reanalysis at least every 3 years and on significant change,"No fixed fine schedule; FDA actions include warning letters, mandatory recall, administrative detention, import refusal, suspension of registration, injunction and criminal prosecution.",haccp|us-cgmp,"Requirements are organized by rule, including preventive controls, FSVP, produce safety, sanitary transportation, intentional adulteration and traceability.",2026-08-20,https://www.fda.gov/food/guidance-regulation-food-and-dietary-supplements/food-safety-modernization-act-fsma|https://www.ecfr.gov/current/title-21/chapter-I/subchapter-B/part-117
haccp,Hazard Analysis and Critical Control Point,HACCP,United States,US,industry,framework,US Food and Drug Administration,https://www.fda.gov/food/guidance-regulation-food-and-dietary-supplements/hazard-analysis-critical-control-point-haccp,Preventive food safety management system required for certain FDA- and USDA-regulated products,"Seafood and juice processors under FDA rules and meat, poultry and egg product establishments under USDA rules, plus organizations adopting HACCP voluntarily or by customer requirement.","Covers food production processes and the identification and control of biological, chemical and physical hazards at critical control points.","Requires a hazard analysis, identification of critical control points with critical limits, monitoring procedures, corrective actions, verification activities and recordkeeping. Mandatory application arises under FDA seafood and juice HACCP regulations and USDA FSIS rules, while other sectors adopt it voluntarily or under buyer schemes such as GFSI-recognized standards. Plans must be validated and reassessed when processes change.",mixed,sometimes,HACCP plan|hazard analysis|critical control point monitoring records|corrective action records|verification and validation records|sanitation SOPs|training records,reassessment at least annually or when the process changes,"No fixed fine schedule; regulators can suspend inspection, detain or refuse product, issue warning letters and pursue injunction or prosecution.",fsma|us-cgmp|iso9001,"Seven principles: hazard analysis, critical control point determination, critical limits, monitoring, corrective actions, verification and recordkeeping.",2026-08-20,https://www.fda.gov/food/hazard-analysis-critical-control-point-haccp|https://www.fsis.usda.gov/inspection/compliance-guidance/haccp
tl9000,TL 9000,TL 9000 Quality Management System; QuEST Forum,Global,Global,industry,certification,TIA QuEST Forum,https://www.tl9000.org/,Telecommunications-sector quality management system built on ISO 9001 with industry measurements,"Telecommunications equipment, software and service suppliers whose customers require sector-specific quality certification.","Covers the quality management system for telecom products and services in the declared scope, including hardware, software and services categories.",Builds on ISO 9001 with telecom-specific adders and requires submission of standardized performance measurements to the industry measurement repository. Certification is issued by accredited certification bodies following audit. Measurement reporting is a distinguishing ongoing obligation compared with plain ISO 9001.,voluntary,yes,quality manual|ISO 9001 and TL 9000 adder documentation|measurement submissions to the repository|corrective action records|internal audit reports|certificate,every 3 years with annual surveillance audits and ongoing monthly or quarterly measurement submissions,No statutory penalty; loss of certification can remove suppliers from telecom carriers' approved vendor lists.,iso9001|iso20000-1,"ISO 9001 requirements plus TL 9000 hardware, software and services adders and the measurements handbook.",2026-08-20,https://www.tl9000.org/|https://tiaonline.org/what-we-do/quest-forum/
sasb-standards,SASB Standards,Sustainability Accounting Standards Board Standards,Global,Global,industry,standard,IFRS Foundation,https://sasb.ifrs.org/,Industry-specific sustainability disclosure standards now maintained under the IFRS Foundation,"Companies making sustainability disclosures to investors, particularly those reporting under IFRS S1 and S2 or responding to investor requests.","Covers industry-specific sustainability topics and metrics across 77 industries, focused on financially material information for investors.","Provides disclosure topics and accounting metrics by industry that companies use to report financially material sustainability information. The standards are voluntary in themselves but are referenced by IFRS S1 for identifying industry-specific risks, opportunities and metrics. They are maintained by the ISSB under the IFRS Foundation.",voluntary,sometimes,materiality assessment|industry metric disclosures|data collection methodology|internal controls over sustainability data|assurance report where obtained,annual,No statutory penalty in themselves; misstatements can create securities liability where disclosures are made to investors.,ifrs-s1-s2|gri-standards|csrd,"Organized by industry with disclosure topics, accounting metrics and activity metrics.",2026-08-20,https://sasb.ifrs.org/|https://sasb.ifrs.org/standards/
gri-standards,GRI Standards,Global Reporting Initiative Standards,Global,Global,industry,standard,Global Reporting Initiative,https://www.globalreporting.org/standards/,Widely used voluntary sustainability reporting standards,"Organizations of any size reporting sustainability impacts to a broad range of stakeholders, often alongside investor-focused standards.","Covers an organization's most significant impacts on the economy, environment and people, including human rights, using an impact materiality lens.","Requires reporting in accordance with universal standards covering context, material topics and management approach, supplemented by sector and topic standards. Organizations determine material topics through an impact materiality process and disclose management approach and metrics. Use is voluntary and self-declared, with third-party assurance optional.",voluntary,sometimes,materiality assessment|GRI content index|topic disclosures|stakeholder engagement records|data methodology documentation|assurance report where obtained,annual,No statutory penalty; inaccurate claims can create consumer protection or securities exposure depending on use.,csrd|sasb-standards|ifrs-s1-s2,"Universal Standards GRI 1, 2 and 3, plus sector standards and topic standards.",2026-08-20,https://www.globalreporting.org/standards/|https://www.globalreporting.org/
ifrs-s1-s2,IFRS Sustainability Disclosure Standards,IFRS S1; IFRS S2; ISSB standards,Global,Global,industry,standard,"International Sustainability Standards Board, IFRS Foundation",https://www.ifrs.org/issued-standards/ifrs-sustainability-standards-navigator/,Global baseline sustainability and climate disclosure standards adopted by many jurisdictions,"Companies in jurisdictions that have adopted or endorsed ISSB standards, and companies voluntarily providing investor-focused sustainability disclosures.","Covers sustainability-related risks and opportunities that could reasonably be expected to affect an entity's cash flows, access to finance or cost of capital, with IFRS S2 focused on climate.","Requires disclosure of governance, strategy, risk management, and metrics and targets for material sustainability-related risks and opportunities, aligned with the TCFD structure. IFRS S2 adds climate-specific requirements including Scope 1, 2 and, subject to relief, Scope 3 greenhouse gas emissions measured using the GHG Protocol, plus climate resilience analysis. Legal force depends on each jurisdiction's adoption decisions and timelines.",mixed,sometimes,"governance and oversight documentation|climate risk and scenario analysis|GHG inventory (Scope 1, 2, 3)|metrics and targets disclosures|data controls documentation|assurance report where required",annual,No penalty from the ISSB; consequences arise from national securities and reporting regimes that adopt the standards.,csrd|sasb-standards|gri-standards,"Core content pillars of governance, strategy, risk management, and metrics and targets, with industry-based guidance derived from SASB.",2026-08-20,https://www.ifrs.org/issued-standards/ifrs-sustainability-standards-navigator/|https://www.ifrs.org/groups/international-sustainability-standards-board/
